CREATE TABLE IF NOT EXISTS "api_testimonials" ("name" varchar(50) NULL, "comment" text NULL, "_id" integer NOT NULL PRIMARY KEY AUTOINCREMENT, "user_id" integer NULL REFERENCES "auth_user" ("id") DEFERRABLE INITIALLY DEFERRED);
INSERT INTO "api_testimonials" VALUES('Faiz Ahmed','Faiz has been a wonderful service provider. His skills are excellent. He delivered exactly what we wanted, we never had to compromise for anything. And he is great at communication which makes it easier and fun to work with him.',1,1);
CREATE UNIQUE INDEX "auth_group_permissions_group_id_permission_id_0cd325b0_uniq" ON "auth_group_permissions" ("group_id", "permission_id");
CREATE INDEX IF NOT EXISTS "auth_group_permissions_group_id_b120cbf9" ON "auth_group_permissions" ("group_id");
CREATE INDEX IF NOT EXISTS "auth_group_permissions_permission_id_84c5c92e" ON "auth_group_permissions" ("permission_id");
CREATE UNIQUE INDEX "auth_user_groups_user_id_group_id_94350c0c_uniq" ON "auth_user_groups" ("user_id", "group_id");
CREATE INDEX IF NOT EXISTS "auth_user_groups_user_id_6a12ed8b" ON "auth_user_groups" ("user_id");
CREATE INDEX IF NOT EXISTS "auth_user_groups_group_id_97559544" ON "auth_user_groups" ("group_id");
CREATE UNIQUE INDEX "auth_user_user_permissions_user_id_permission_id_14a6b632_uniq" ON "auth_user_user_permissions" ("user_id", "permission_id");
CREATE INDEX IF NOT EXISTS "auth_user_user_permissions_user_id_a95ead1b" ON "auth_user_user_permissions" ("user_id");
CREATE INDEX IF NOT EXISTS "auth_user_user_permissions_permission_id_1fbb5f2c" ON "auth_user_user_permissions" ("permission_id");
CREATE INDEX IF NOT EXISTS "django_admin_log_content_type_id_c4bce8eb" ON "django_admin_log" ("content_type_id");
CREATE INDEX IF NOT EXISTS "django_admin_log_user_id_c564eba6" ON "django_admin_log" ("user_id");
CREATE UNIQUE INDEX "django_content_type_app_label_model_76bd3d3b_uniq" ON "django_content_type" ("app_label", "model");
CREATE UNIQUE INDEX "auth_permission_content_type_id_codename_01ab375a_uniq" ON "auth_permission" ("content_type_id", "codename");
CREATE INDEX IF NOT EXISTS "auth_permission_content_type_id_2f476e4b" ON "auth_permission" ("content_type_id");
CREATE INDEX IF NOT EXISTS "django_session_expire_date_a5c62663" ON "django_session" ("expire_date");
CREATE INDEX IF NOT EXISTS "api_testimonials_user_id_298dbb28" ON "api_testimonials" ("user_id");
CREATE INDEX IF NOT EXISTS "token_blacklist_outstandingtoken_user_id_83bc629a" ON "token_blacklist_outstandingtoken" ("user_id");
CREATE TABLE IF NOT EXISTS "api_website" ("id" integer NOT NULL PRIMARY KEY AUTOINCREMENT, "image" varchar(100) NULL, "title" varchar(50) NULL, "built_with" varchar(50) NULL, "description" text NULL, "github_link" text NULL);
INSERT INTO "api_website" VALUES(1,'SiteImg/Screenshot_544.png','Billing website','HTML, CSS, JavaScript','This website was one of my very first that I built completely with my own logic without following any tutorials. This website allows the users to perform billing. Its algorithm precisely sums up the information and presents it. It can be used in any retail stores for hassle free billing. Its simple UI and vast functionalities makes it a great choice for the many small and medum size retail outlets.','https://github.com/faizAhmed10/The-Bill');
INSERT INTO "api_website" VALUES(2,'SiteImg/Screenshot_550.png','The Wireless - News website','ReactJS and NewsAPI','The Wireless is a website that provides the user with national news of various topics. The website is built using ReactJS for the fontEnd and the reliable News API is used to fetch fresh and reliable news','https://github.com/faizAhmed10/The-Wireless---News-App');
INSERT INTO "api_website" VALUES(3,'SiteImg/Screenshot_553.png','BlogShare','ReactJS and Django','BlogShare is a seamless and powerful webapp that allows people to share anything and everything. It is a great platform for people to read and share anything that they want to. The powerful technologies of ReactJS and Django are used to build the frontend and backend respectively.','https://www.instagram.com/faiz_ahmed017');
INSERT INTO "api_website" VALUES(4,'SiteImg/Screenshot_547.png','Food recipe App','HTML, CSS, JavaScript and ThemeAldb API','This website suggests the user the best dishes they can make with an ingredient they have at their disposal. This website uses vanilla HTML, CSS and JavaScript. It fetches the data from ThemeAldb API.','https://github.com/faizAhmed10/Food-Recipe');
INSERT INTO "api_website" VALUES(5,'SiteImg/Screenshot_549.png','Dino Runner Game','HTML, CSS, JavaScript','This is the classic Chrome dino runner game. I built it to understand the concepts such as eventlisteners, background looping, collision, translate and so on.','https://github.com/faizAhmed10/Dino-Runner');
INSERT INTO "api_website" VALUES(6,'SiteImg/Screenshot_571.png','Calm (Clone)','HTML, CSS','It is a simple UI that I created to learn how to make stunning looking hero landing pages. Calm uses simple HTML and CSS.','https://github.com/faizAhmed10/Calm-UI-Clone');
INSERT INTO "api_website" VALUES(7,'SiteImg/Screenshot_570.png','Four Seasons - Hualalai (Clone)','HTML, CSS','It is a simple clone of the landing page of Four Seasons resort. I created it to understand the design of a professional and creative website.','https://github.com/faizAhmed10/Four-Seasons-Resort---Clone');
INSERT INTO "api_website" VALUES(8,'SiteImg/Screenshot_654_GiMR8xB.png','E-commerce Website','ReactJS and Django','An E-commerce website with paypal payment integration. Products can be displayed for sale. Users can browse through the products, order them, write reviews, rate the product and so on.','https://github.com/faizAhmed10');
INSERT INTO "api_website" VALUES(9,'SiteImg/Screenshot_660.png','The Notes App','ReactJS and Django','A notes app that I created to cement the concepts of Create, Read, Update and Delete functions. It allows the user to create a note, update it and delete it whenever necessary.','https://www.github.com/faizAhmed10');
CREATE UNIQUE INDEX "auth_group_permissions_group_id_permission_id_0cd325b0_uniq" ON "auth_group_permissions" ("group_id", "permission_id");
CREATE INDEX IF NOT EXISTS "auth_group_permissions_group_id_b120cbf9" ON "auth_group_permissions" ("group_id");
CREATE INDEX IF NOT EXISTS "auth_group_permissions_permission_id_84c5c92e" ON "auth_group_permissions" ("permission_id");
CREATE UNIQUE INDEX "auth_user_groups_user_id_group_id_94350c0c_uniq" ON "auth_user_groups" ("user_id", "group_id");
CREATE INDEX IF NOT EXISTS "auth_user_groups_user_id_6a12ed8b" ON "auth_user_groups" ("user_id");
CREATE INDEX IF NOT EXISTS "auth_user_groups_group_id_97559544" ON "auth_user_groups" ("group_id");
CREATE UNIQUE INDEX "auth_user_user_permissions_user_id_permission_id_14a6b632_uniq" ON "auth_user_user_permissions" ("user_id", "permission_id");
CREATE INDEX IF NOT EXISTS "auth_user_user_permissions_user_id_a95ead1b" ON "auth_user_user_permissions" ("user_id");
CREATE INDEX IF NOT EXISTS "auth_user_user_permissions_permission_id_1fbb5f2c" ON "auth_user_user_permissions" ("permission_id");
CREATE INDEX IF NOT EXISTS "django_admin_log_content_type_id_c4bce8eb" ON "django_admin_log" ("content_type_id");
CREATE INDEX IF NOT EXISTS "django_admin_log_user_id_c564eba6" ON "django_admin_log" ("user_id");
CREATE UNIQUE INDEX "django_content_type_app_label_model_76bd3d3b_uniq" ON "django_content_type" ("app_label", "model");
CREATE UNIQUE INDEX "auth_permission_content_type_id_codename_01ab375a_uniq" ON "auth_permission" ("content_type_id", "codename");
CREATE INDEX IF NOT EXISTS "auth_permission_content_type_id_2f476e4b" ON "auth_permission" ("content_type_id");
CREATE INDEX IF NOT EXISTS "django_session_expire_date_a5c62663" ON "django_session" ("expire_date");
CREATE INDEX IF NOT EXISTS "api_testimonials_user_id_298dbb28" ON "api_testimonials" ("user_id");
CREATE INDEX IF NOT EXISTS "token_blacklist_outstandingtoken_user_id_83bc629a" ON "token_blacklist_outstandingtoken" ("user_id");
CREATE TABLE IF NOT EXISTS "auth_group" ("id" integer NOT NULL PRIMARY KEY AUTOINCREMENT, "name" varchar(150) NOT NULL UNIQUE);
CREATE UNIQUE INDEX "auth_group_permissions_group_id_permission_id_0cd325b0_uniq" ON "auth_group_permissions" ("group_id", "permission_id");
CREATE INDEX IF NOT EXISTS "auth_group_permissions_group_id_b120cbf9" ON "auth_group_permissions" ("group_id");
CREATE INDEX IF NOT EXISTS "auth_group_permissions_permission_id_84c5c92e" ON "auth_group_permissions" ("permission_id");
CREATE UNIQUE INDEX "auth_user_groups_user_id_group_id_94350c0c_uniq" ON "auth_user_groups" ("user_id", "group_id");
CREATE INDEX IF NOT EXISTS "auth_user_groups_user_id_6a12ed8b" ON "auth_user_groups" ("user_id");
CREATE INDEX IF NOT EXISTS "auth_user_groups_group_id_97559544" ON "auth_user_groups" ("group_id");
CREATE UNIQUE INDEX "auth_user_user_permissions_user_id_permission_id_14a6b632_uniq" ON "auth_user_user_permissions" ("user_id", "permission_id");
CREATE INDEX IF NOT EXISTS "auth_user_user_permissions_user_id_a95ead1b" ON "auth_user_user_permissions" ("user_id");
CREATE INDEX IF NOT EXISTS "auth_user_user_permissions_permission_id_1fbb5f2c" ON "auth_user_user_permissions" ("permission_id");
CREATE INDEX IF NOT EXISTS "django_admin_log_content_type_id_c4bce8eb" ON "django_admin_log" ("content_type_id");
CREATE INDEX IF NOT EXISTS "django_admin_log_user_id_c564eba6" ON "django_admin_log" ("user_id");
CREATE UNIQUE INDEX "django_content_type_app_label_model_76bd3d3b_uniq" ON "django_content_type" ("app_label", "model");
CREATE UNIQUE INDEX "auth_permission_content_type_id_codename_01ab375a_uniq" ON "auth_permission" ("content_type_id", "codename");
CREATE INDEX IF NOT EXISTS "auth_permission_content_type_id_2f476e4b" ON "auth_permission" ("content_type_id");
CREATE INDEX IF NOT EXISTS "django_session_expire_date_a5c62663" ON "django_session" ("expire_date");
CREATE INDEX IF NOT EXISTS "api_testimonials_user_id_298dbb28" ON "api_testimonials" ("user_id");
CREATE INDEX IF NOT EXISTS "token_blacklist_outstandingtoken_user_id_83bc629a" ON "token_blacklist_outstandingtoken" ("user_id");
CREATE TABLE IF NOT EXISTS "auth_group_permissions" ("id" integer NOT NULL PRIMARY KEY AUTOINCREMENT, "group_id" integer NOT NULL REFERENCES "auth_group" ("id") DEFERRABLE INITIALLY DEFERRED, "permission_id" integer NOT NULL REFERENCES "auth_permission" ("id") DEFERRABLE INITIALLY DEFERRED);
CREATE UNIQUE INDEX "auth_group_permissions_group_id_permission_id_0cd325b0_uniq" ON "auth_group_permissions" ("group_id", "permission_id");
CREATE INDEX IF NOT EXISTS "auth_group_permissions_group_id_b120cbf9" ON "auth_group_permissions" ("group_id");
CREATE INDEX IF NOT EXISTS "auth_group_permissions_permission_id_84c5c92e" ON "auth_group_permissions" ("permission_id");
CREATE UNIQUE INDEX "auth_user_groups_user_id_group_id_94350c0c_uniq" ON "auth_user_groups" ("user_id", "group_id");
CREATE INDEX IF NOT EXISTS "auth_user_groups_user_id_6a12ed8b" ON "auth_user_groups" ("user_id");
CREATE INDEX IF NOT EXISTS "auth_user_groups_group_id_97559544" ON "auth_user_groups" ("group_id");
CREATE UNIQUE INDEX "auth_user_user_permissions_user_id_permission_id_14a6b632_uniq" ON "auth_user_user_permissions" ("user_id", "permission_id");
CREATE INDEX IF NOT EXISTS "auth_user_user_permissions_user_id_a95ead1b" ON "auth_user_user_permissions" ("user_id");
CREATE INDEX IF NOT EXISTS "auth_user_user_permissions_permission_id_1fbb5f2c" ON "auth_user_user_permissions" ("permission_id");
CREATE INDEX IF NOT EXISTS "django_admin_log_content_type_id_c4bce8eb" ON "django_admin_log" ("content_type_id");
CREATE INDEX IF NOT EXISTS "django_admin_log_user_id_c564eba6" ON "django_admin_log" ("user_id");
CREATE UNIQUE INDEX "django_content_type_app_label_model_76bd3d3b_uniq" ON "django_content_type" ("app_label", "model");
CREATE UNIQUE INDEX "auth_permission_content_type_id_codename_01ab375a_uniq" ON "auth_permission" ("content_type_id", "codename");
CREATE INDEX IF NOT EXISTS "auth_permission_content_type_id_2f476e4b" ON "auth_permission" ("content_type_id");
CREATE INDEX IF NOT EXISTS "django_session_expire_date_a5c62663" ON "django_session" ("expire_date");
CREATE INDEX IF NOT EXISTS "api_testimonials_user_id_298dbb28" ON "api_testimonials" ("user_id");
CREATE INDEX IF NOT EXISTS "token_blacklist_outstandingtoken_user_id_83bc629a" ON "token_blacklist_outstandingtoken" ("user_id");
CREATE TABLE IF NOT EXISTS "auth_permission" ("id" integer NOT NULL PRIMARY KEY AUTOINCREMENT, "content_type_id" integer NOT NULL REFERENCES "django_content_type" ("id") DEFERRABLE INITIALLY DEFERRED, "codename" varchar(100) NOT NULL, "name" varchar(255) NOT NULL);
INSERT INTO "auth_permission" VALUES(1,1,'add_logentry','Can add log entry');
INSERT INTO "auth_permission" VALUES(2,1,'change_logentry','Can change log entry');
INSERT INTO "auth_permission" VALUES(3,1,'delete_logentry','Can delete log entry');
INSERT INTO "auth_permission" VALUES(4,1,'view_logentry','Can view log entry');
INSERT INTO "auth_permission" VALUES(5,2,'add_permission','Can add permission');
INSERT INTO "auth_permission" VALUES(6,2,'change_permission','Can change permission');
INSERT INTO "auth_permission" VALUES(7,2,'delete_permission','Can delete permission');
INSERT INTO "auth_permission" VALUES(8,2,'view_permission','Can view permission');
INSERT INTO "auth_permission" VALUES(9,3,'add_group','Can add group');
INSERT INTO "auth_permission" VALUES(10,3,'change_group','Can change group');
INSERT INTO "auth_permission" VALUES(11,3,'delete_group','Can delete group');
INSERT INTO "auth_permission" VALUES(12,3,'view_group','Can view group');
INSERT INTO "auth_permission" VALUES(13,4,'add_user','Can add user');
INSERT INTO "auth_permission" VALUES(14,4,'change_user','Can change user');
INSERT INTO "auth_permission" VALUES(15,4,'delete_user','Can delete user');
INSERT INTO "auth_permission" VALUES(16,4,'view_user','Can view user');
INSERT INTO "auth_permission" VALUES(17,5,'add_contenttype','Can add content type');
INSERT INTO "auth_permission" VALUES(18,5,'change_contenttype','Can change content type');
INSERT INTO "auth_permission" VALUES(19,5,'delete_contenttype','Can delete content type');
INSERT INTO "auth_permission" VALUES(20,5,'view_contenttype','Can view content type');
INSERT INTO "auth_permission" VALUES(21,6,'add_session','Can add session');
INSERT INTO "auth_permission" VALUES(22,6,'change_session','Can change session');
INSERT INTO "auth_permission" VALUES(23,6,'delete_session','Can delete session');
INSERT INTO "auth_permission" VALUES(24,6,'view_session','Can view session');
INSERT INTO "auth_permission" VALUES(25,7,'add_intro','Can add intro');
INSERT INTO "auth_permission" VALUES(26,7,'change_intro','Can change intro');
INSERT INTO "auth_permission" VALUES(27,7,'delete_intro','Can delete intro');
INSERT INTO "auth_permission" VALUES(28,7,'view_intro','Can view intro');
INSERT INTO "auth_permission" VALUES(29,8,'add_website','Can add website');
INSERT INTO "auth_permission" VALUES(30,8,'change_website','Can change website');
INSERT INTO "auth_permission" VALUES(31,8,'delete_website','Can delete website');
INSERT INTO "auth_permission" VALUES(32,8,'view_website','Can view website');
INSERT INTO "auth_permission" VALUES(33,9,'add_testimonials','Can add testimonials');
INSERT INTO "auth_permission" VALUES(34,9,'change_testimonials','Can change testimonials');
INSERT INTO "auth_permission" VALUES(35,9,'delete_testimonials','Can delete testimonials');
INSERT INTO "auth_permission" VALUES(36,9,'view_testimonials','Can view testimonials');
INSERT INTO "auth_permission" VALUES(37,10,'add_blacklistedtoken','Can add blacklisted token');
INSERT INTO "auth_permission" VALUES(38,10,'change_blacklistedtoken','Can change blacklisted token');
INSERT INTO "auth_permission" VALUES(39,10,'delete_blacklistedtoken','Can delete blacklisted token');
INSERT INTO "auth_permission" VALUES(40,10,'view_blacklistedtoken','Can view blacklisted token');
INSERT INTO "auth_permission" VALUES(41,11,'add_outstandingtoken','Can add outstanding token');
INSERT INTO "auth_permission" VALUES(42,11,'change_outstandingtoken','Can change outstanding token');
INSERT INTO "auth_permission" VALUES(43,11,'delete_outstandingtoken','Can delete outstanding token');
INSERT INTO "auth_permission" VALUES(44,11,'view_outstandingtoken','Can view outstanding token');
CREATE UNIQUE INDEX "auth_group_permissions_group_id_permission_id_0cd325b0_uniq" ON "auth_group_permissions" ("group_id", "permission_id");
CREATE INDEX IF NOT EXISTS "auth_group_permissions_group_id_b120cbf9" ON "auth_group_permissions" ("group_id");
CREATE INDEX IF NOT EXISTS "auth_group_permissions_permission_id_84c5c92e" ON "auth_group_permissions" ("permission_id");
CREATE UNIQUE INDEX "auth_user_groups_user_id_group_id_94350c0c_uniq" ON "auth_user_groups" ("user_id", "group_id");
CREATE INDEX IF NOT EXISTS "auth_user_groups_user_id_6a12ed8b" ON "auth_user_groups" ("user_id");
CREATE INDEX IF NOT EXISTS "auth_user_groups_group_id_97559544" ON "auth_user_groups" ("group_id");
CREATE UNIQUE INDEX "auth_user_user_permissions_user_id_permission_id_14a6b632_uniq" ON "auth_user_user_permissions" ("user_id", "permission_id");
CREATE INDEX IF NOT EXISTS "auth_user_user_permissions_user_id_a95ead1b" ON "auth_user_user_permissions" ("user_id");
CREATE INDEX IF NOT EXISTS "auth_user_user_permissions_permission_id_1fbb5f2c" ON "auth_user_user_permissions" ("permission_id");
CREATE INDEX IF NOT EXISTS "django_admin_log_content_type_id_c4bce8eb" ON "django_admin_log" ("content_type_id");
CREATE INDEX IF NOT EXISTS "django_admin_log_user_id_c564eba6" ON "django_admin_log" ("user_id");
CREATE UNIQUE INDEX "django_content_type_app_label_model_76bd3d3b_uniq" ON "django_content_type" ("app_label", "model");
CREATE UNIQUE INDEX "auth_permission_content_type_id_codename_01ab375a_uniq" ON "auth_permission" ("content_type_id", "codename");
CREATE INDEX IF NOT EXISTS "auth_permission_content_type_id_2f476e4b" ON "auth_permission" ("content_type_id");
CREATE INDEX IF NOT EXISTS "django_session_expire_date_a5c62663" ON "django_session" ("expire_date");
CREATE INDEX IF NOT EXISTS "api_testimonials_user_id_298dbb28" ON "api_testimonials" ("user_id");
CREATE INDEX IF NOT EXISTS "token_blacklist_outstandingtoken_user_id_83bc629a" ON "token_blacklist_outstandingtoken" ("user_id");
CREATE TABLE IF NOT EXISTS "auth_user" ("id" integer NOT NULL PRIMARY KEY AUTOINCREMENT, "password" varchar(128) NOT NULL, "last_login" datetime NULL, "is_superuser" bool NOT NULL, "username" varchar(150) NOT NULL UNIQUE, "last_name" varchar(150) NOT NULL, "email" varchar(254) NOT NULL, "is_staff" bool NOT NULL, "is_active" bool NOT NULL, "date_joined" datetime NOT NULL, "first_name" varchar(150) NOT NULL);
INSERT INTO "auth_user" VALUES(1,'pbkdf2_sha256$390000$8mxtXleRiyyZ1xarlGAGFv$4hwDOYViSTsC1GY+gKrxtkb/RjETbD+Wza+Z4wRUpck=','2024-05-11 14:18:12.410320',1,'faiz','','faizahmed10604@gmail.com',1,1,'2024-03-26 09:18:31.163994','');
CREATE UNIQUE INDEX "auth_group_permissions_group_id_permission_id_0cd325b0_uniq" ON "auth_group_permissions" ("group_id", "permission_id");
CREATE INDEX IF NOT EXISTS "auth_group_permissions_group_id_b120cbf9" ON "auth_group_permissions" ("group_id");
CREATE INDEX IF NOT EXISTS "auth_group_permissions_permission_id_84c5c92e" ON "auth_group_permissions" ("permission_id");
CREATE UNIQUE INDEX "auth_user_groups_user_id_group_id_94350c0c_uniq" ON "auth_user_groups" ("user_id", "group_id");
CREATE INDEX IF NOT EXISTS "auth_user_groups_user_id_6a12ed8b" ON "auth_user_groups" ("user_id");
CREATE INDEX IF NOT EXISTS "auth_user_groups_group_id_97559544" ON "auth_user_groups" ("group_id");
CREATE UNIQUE INDEX "auth_user_user_permissions_user_id_permission_id_14a6b632_uniq" ON "auth_user_user_permissions" ("user_id", "permission_id");
CREATE INDEX IF NOT EXISTS "auth_user_user_permissions_user_id_a95ead1b" ON "auth_user_user_permissions" ("user_id");
CREATE INDEX IF NOT EXISTS "auth_user_user_permissions_permission_id_1fbb5f2c" ON "auth_user_user_permissions" ("permission_id");
CREATE INDEX IF NOT EXISTS "django_admin_log_content_type_id_c4bce8eb" ON "django_admin_log" ("content_type_id");
CREATE INDEX IF NOT EXISTS "django_admin_log_user_id_c564eba6" ON "django_admin_log" ("user_id");
CREATE UNIQUE INDEX "django_content_type_app_label_model_76bd3d3b_uniq" ON "django_content_type" ("app_label", "model");
CREATE UNIQUE INDEX "auth_permission_content_type_id_codename_01ab375a_uniq" ON "auth_permission" ("content_type_id", "codename");
CREATE INDEX IF NOT EXISTS "auth_permission_content_type_id_2f476e4b" ON "auth_permission" ("content_type_id");
CREATE INDEX IF NOT EXISTS "django_session_expire_date_a5c62663" ON "django_session" ("expire_date");
CREATE INDEX IF NOT EXISTS "api_testimonials_user_id_298dbb28" ON "api_testimonials" ("user_id");
CREATE INDEX IF NOT EXISTS "token_blacklist_outstandingtoken_user_id_83bc629a" ON "token_blacklist_outstandingtoken" ("user_id");
CREATE TABLE IF NOT EXISTS "auth_user_groups" ("id" integer NOT NULL PRIMARY KEY AUTOINCREMENT, "user_id" integer NOT NULL REFERENCES "auth_user" ("id") DEFERRABLE INITIALLY DEFERRED, "group_id" integer NOT NULL REFERENCES "auth_group" ("id") DEFERRABLE INITIALLY DEFERRED);
CREATE UNIQUE INDEX "auth_group_permissions_group_id_permission_id_0cd325b0_uniq" ON "auth_group_permissions" ("group_id", "permission_id");
CREATE INDEX IF NOT EXISTS "auth_group_permissions_group_id_b120cbf9" ON "auth_group_permissions" ("group_id");
CREATE INDEX IF NOT EXISTS "auth_group_permissions_permission_id_84c5c92e" ON "auth_group_permissions" ("permission_id");
CREATE UNIQUE INDEX "auth_user_groups_user_id_group_id_94350c0c_uniq" ON "auth_user_groups" ("user_id", "group_id");
CREATE INDEX IF NOT EXISTS "auth_user_groups_user_id_6a12ed8b" ON "auth_user_groups" ("user_id");
CREATE INDEX IF NOT EXISTS "auth_user_groups_group_id_97559544" ON "auth_user_groups" ("group_id");
CREATE UNIQUE INDEX "auth_user_user_permissions_user_id_permission_id_14a6b632_uniq" ON "auth_user_user_permissions" ("user_id", "permission_id");
CREATE INDEX IF NOT EXISTS "auth_user_user_permissions_user_id_a95ead1b" ON "auth_user_user_permissions" ("user_id");
CREATE INDEX IF NOT EXISTS "auth_user_user_permissions_permission_id_1fbb5f2c" ON "auth_user_user_permissions" ("permission_id");
CREATE INDEX IF NOT EXISTS "django_admin_log_content_type_id_c4bce8eb" ON "django_admin_log" ("content_type_id");
CREATE INDEX IF NOT EXISTS "django_admin_log_user_id_c564eba6" ON "django_admin_log" ("user_id");
CREATE UNIQUE INDEX "django_content_type_app_label_model_76bd3d3b_uniq" ON "django_content_type" ("app_label", "model");
CREATE UNIQUE INDEX "auth_permission_content_type_id_codename_01ab375a_uniq" ON "auth_permission" ("content_type_id", "codename");
CREATE INDEX IF NOT EXISTS "auth_permission_content_type_id_2f476e4b" ON "auth_permission" ("content_type_id");
CREATE INDEX IF NOT EXISTS "django_session_expire_date_a5c62663" ON "django_session" ("expire_date");
CREATE INDEX IF NOT EXISTS "api_testimonials_user_id_298dbb28" ON "api_testimonials" ("user_id");
CREATE INDEX IF NOT EXISTS "token_blacklist_outstandingtoken_user_id_83bc629a" ON "token_blacklist_outstandingtoken" ("user_id");
CREATE TABLE IF NOT EXISTS "auth_user_user_permissions" ("id" integer NOT NULL PRIMARY KEY AUTOINCREMENT, "user_id" integer NOT NULL REFERENCES "auth_user" ("id") DEFERRABLE INITIALLY DEFERRED, "permission_id" integer NOT NULL REFERENCES "auth_permission" ("id") DEFERRABLE INITIALLY DEFERRED);
CREATE UNIQUE INDEX "auth_group_permissions_group_id_permission_id_0cd325b0_uniq" ON "auth_group_permissions" ("group_id", "permission_id");
CREATE INDEX IF NOT EXISTS "auth_group_permissions_group_id_b120cbf9" ON "auth_group_permissions" ("group_id");
CREATE INDEX IF NOT EXISTS "auth_group_permissions_permission_id_84c5c92e" ON "auth_group_permissions" ("permission_id");
CREATE UNIQUE INDEX "auth_user_groups_user_id_group_id_94350c0c_uniq" ON "auth_user_groups" ("user_id", "group_id");
CREATE INDEX IF NOT EXISTS "auth_user_groups_user_id_6a12ed8b" ON "auth_user_groups" ("user_id");
CREATE INDEX IF NOT EXISTS "auth_user_groups_group_id_97559544" ON "auth_user_groups" ("group_id");
CREATE UNIQUE INDEX "auth_user_user_permissions_user_id_permission_id_14a6b632_uniq" ON "auth_user_user_permissions" ("user_id", "permission_id");
CREATE INDEX IF NOT EXISTS "auth_user_user_permissions_user_id_a95ead1b" ON "auth_user_user_permissions" ("user_id");
CREATE INDEX IF NOT EXISTS "auth_user_user_permissions_permission_id_1fbb5f2c" ON "auth_user_user_permissions" ("permission_id");
CREATE INDEX IF NOT EXISTS "django_admin_log_content_type_id_c4bce8eb" ON "django_admin_log" ("content_type_id");
CREATE INDEX IF NOT EXISTS "django_admin_log_user_id_c564eba6" ON "django_admin_log" ("user_id");
CREATE UNIQUE INDEX "django_content_type_app_label_model_76bd3d3b_uniq" ON "django_content_type" ("app_label", "model");
CREATE UNIQUE INDEX "auth_permission_content_type_id_codename_01ab375a_uniq" ON "auth_permission" ("content_type_id", "codename");
CREATE INDEX IF NOT EXISTS "auth_permission_content_type_id_2f476e4b" ON "auth_permission" ("content_type_id");
CREATE INDEX IF NOT EXISTS "django_session_expire_date_a5c62663" ON "django_session" ("expire_date");
CREATE INDEX IF NOT EXISTS "api_testimonials_user_id_298dbb28" ON "api_testimonials" ("user_id");
CREATE INDEX IF NOT EXISTS "token_blacklist_outstandingtoken_user_id_83bc629a" ON "token_blacklist_outstandingtoken" ("user_id");
CREATE TABLE IF NOT EXISTS "django_admin_log" ("id" integer NOT NULL PRIMARY KEY AUTOINCREMENT, "object_id" text NULL, "object_repr" varchar(200) NOT NULL, "action_flag" smallint unsigned NOT NULL CHECK ("action_flag" >= 0), "change_message" text NOT NULL, "content_type_id" integer NULL REFERENCES "django_content_type" ("id") DEFERRABLE INITIALLY DEFERRED, "user_id" integer NOT NULL REFERENCES "auth_user" ("id") DEFERRABLE INITIALLY DEFERRED, "action_time" datetime NOT NULL);
INSERT INTO "django_admin_log" VALUES(1,'1','I''m a Web-developer proficient in ReactJS and Djan | aaaaaaaaaaaaaaaaaaaaaaaaaaaaaaaaaaaaaaaaaaaaaaaaaa',1,'[{"added": {}}]',7,1,'2024-03-26 09:21:17.057776');
INSERT INTO "django_admin_log" VALUES(2,'1','Faiz Ahmed',1,'[{"added": {}}]',9,1,'2024-03-26 09:23:40.407989');
INSERT INTO "django_admin_log" VALUES(3,'1','Billing website',1,'[{"added": {}}]',8,1,'2024-03-26 09:31:19.921292');
INSERT INTO "django_admin_log" VALUES(4,'1','I''m a Web-developer proficient in ReactJS and Djan | aaaaaaaaaaaaaaaaaaaaaaaaaaaaaaaaaaaaaaaaaaaaaaaaaa',2,'[]',7,1,'2024-03-26 09:52:40.423177');
INSERT INTO "django_admin_log" VALUES(5,'1','I''m a Web-developer proficient in ReactJS and Djan | aaaaaaaaaaaaaaaaaaaaaaaaaaaaaaaaaaaaaaaaaaaaaaaaaa',2,'[{"changed": {"fields": ["My image"]}}]',7,1,'2024-03-26 11:16:45.177249');
INSERT INTO "django_admin_log" VALUES(6,'2','The Wireless - News website',1,'[{"added": {}}]',8,1,'2024-03-29 14:38:23.629501');
INSERT INTO "django_admin_log" VALUES(7,'1','Billing website',2,'[{"changed": {"fields": ["Description"]}}]',8,1,'2024-03-29 14:38:36.998150');
INSERT INTO "django_admin_log" VALUES(8,'3','BlogShare',1,'[{"added": {}}]',8,1,'2024-04-02 16:19:12.332952');
INSERT INTO "django_admin_log" VALUES(9,'3','BlogShare',2,'[{"changed": {"fields": ["Built with", "Description"]}}]',8,1,'2024-04-02 16:21:24.578690');
INSERT INTO "django_admin_log" VALUES(10,'3','BlogShare',2,'[{"changed": {"fields": ["Description"]}}]',8,1,'2024-04-02 16:30:33.177474');
INSERT INTO "django_admin_log" VALUES(11,'4','Food recipe App',1,'[{"added": {}}]',8,1,'2024-04-02 16:36:45.588170');
INSERT INTO "django_admin_log" VALUES(12,'5','Dino Runner Game',1,'[{"added": {}}]',8,1,'2024-04-02 16:39:18.691601');
INSERT INTO "django_admin_log" VALUES(13,'6','Calm',1,'[{"added": {}}]',8,1,'2024-04-02 16:41:11.098567');
INSERT INTO "django_admin_log" VALUES(14,'7','Four Seasons - Hualalai (Clone)',1,'[{"added": {}}]',8,1,'2024-04-02 16:43:11.858980');
INSERT INTO "django_admin_log" VALUES(15,'6','Calm (Clone)',2,'[{"changed": {"fields": ["Title"]}}]',8,1,'2024-04-02 16:43:27.001752');
INSERT INTO "django_admin_log" VALUES(16,'1','I''m a Web-developer proficient in ReactJS and Djan | aaaaaaaaaaaaaaaaaaaaaaaaaaaaaaaaaaaaaaaaaaaaaaaaaa',2,'[{"changed": {"fields": ["Home intro"]}}]',7,1,'2024-04-18 11:20:02.840386');
INSERT INTO "django_admin_log" VALUES(17,'3','faiz90@gmail.com',3,'',4,1,'2024-04-20 09:46:19.383792');
INSERT INTO "django_admin_log" VALUES(18,'2','john@example.com',3,'',4,1,'2024-04-20 09:46:19.574969');
INSERT INTO "django_admin_log" VALUES(19,'4','faiz90@gmail.com',3,'',4,1,'2024-04-20 09:49:50.376258');
INSERT INTO "django_admin_log" VALUES(20,'6','faiz0@gmail.com',3,'',4,1,'2024-04-20 09:54:24.733157');
INSERT INTO "django_admin_log" VALUES(21,'5','faiz90@gmail.com',3,'',4,1,'2024-04-20 09:54:24.956359');
INSERT INTO "django_admin_log" VALUES(22,'7','faiz90@gmail.com',3,'',4,1,'2024-04-20 09:57:41.024976');
INSERT INTO "django_admin_log" VALUES(23,'8','faiz90@gmail.com',3,'',4,1,'2024-04-20 10:03:00.448653');
INSERT INTO "django_admin_log" VALUES(24,'9','faiz90@gmail.com',3,'',4,1,'2024-04-20 10:05:16.608355');
INSERT INTO "django_admin_log" VALUES(25,'10','faiz90@gmail.com',3,'',4,1,'2024-04-20 10:06:44.536200');
INSERT INTO "django_admin_log" VALUES(26,'11','faiz90@gmail.com',3,'',4,1,'2024-04-20 10:07:54.144667');
INSERT INTO "django_admin_log" VALUES(27,'12','faiz90@gmail.com',3,'',4,1,'2024-04-20 10:15:47.792381');
INSERT INTO "django_admin_log" VALUES(28,'2','fasx',3,'',9,1,'2024-04-20 13:45:36.141242');
INSERT INTO "django_admin_log" VALUES(29,'13','faiz90@gmail.com',3,'',4,1,'2024-04-20 15:08:50.925587');
INSERT INTO "django_admin_log" VALUES(30,'14','faiz90@gmail.com',3,'',4,1,'2024-04-20 15:09:35.345282');
INSERT INTO "django_admin_log" VALUES(31,'15','faiz90@gmail.com',3,'',4,1,'2024-04-20 15:10:37.939452');
INSERT INTO "django_admin_log" VALUES(32,'17','',3,'',4,1,'2024-04-21 10:25:45.119217');
INSERT INTO "django_admin_log" VALUES(33,'18','faiz190@gmail.com',3,'',4,1,'2024-04-21 10:25:45.287196');
INSERT INTO "django_admin_log" VALUES(34,'16','faiz90@gmail.com',3,'',4,1,'2024-04-21 10:25:45.463226');
INSERT INTO "django_admin_log" VALUES(35,'19','faizahmed104@gmail.com',3,'',4,1,'2024-04-21 10:25:45.575191');
INSERT INTO "django_admin_log" VALUES(36,'20','',3,'',4,1,'2024-04-21 11:35:45.354636');
INSERT INTO "django_admin_log" VALUES(37,'1','Billing website',2,'[{"changed": {"fields": ["Github link"]}}]',8,1,'2024-04-28 14:17:10.420622');
INSERT INTO "django_admin_log" VALUES(38,'2','The Wireless - News website',2,'[{"changed": {"fields": ["Github link"]}}]',8,1,'2024-04-28 14:17:39.405469');
INSERT INTO "django_admin_log" VALUES(39,'4','Food recipe App',2,'[{"changed": {"fields": ["Github link"]}}]',8,1,'2024-04-28 14:18:07.332368');
INSERT INTO "django_admin_log" VALUES(40,'5','Dino Runner Game',2,'[{"changed": {"fields": ["Github link"]}}]',8,1,'2024-04-28 14:18:39.429894');
INSERT INTO "django_admin_log" VALUES(41,'6','Calm (Clone)',2,'[{"changed": {"fields": ["Github link"]}}]',8,1,'2024-04-28 14:18:59.655787');
INSERT INTO "django_admin_log" VALUES(42,'7','Four Seasons - Hualalai (Clone)',2,'[{"changed": {"fields": ["Github link"]}}]',8,1,'2024-04-28 14:19:20.767500');
INSERT INTO "django_admin_log" VALUES(43,'3','BlogShare',2,'[{"changed": {"fields": ["Github link"]}}]',8,1,'2024-04-28 14:20:04.702949');
INSERT INTO "django_admin_log" VALUES(44,'3','sdfsdf',3,'',9,1,'2024-04-28 16:24:13.119628');
INSERT INTO "django_admin_log" VALUES(45,'5','dfdfd',3,'',9,1,'2024-04-28 16:29:21.307446');
INSERT INTO "django_admin_log" VALUES(46,'4','sfasdf',3,'',9,1,'2024-04-28 16:29:21.650703');
INSERT INTO "django_admin_log" VALUES(47,'8','E-commerce Website',1,'[{"added": {}}]',8,1,'2024-04-30 17:00:24.663550');
INSERT INTO "django_admin_log" VALUES(48,'9','The Notes App',1,'[{"added": {}}]',8,1,'2024-05-11 14:21:33.830767');
CREATE UNIQUE INDEX "auth_group_permissions_group_id_permission_id_0cd325b0_uniq" ON "auth_group_permissions" ("group_id", "permission_id");
CREATE INDEX IF NOT EXISTS "auth_group_permissions_group_id_b120cbf9" ON "auth_group_permissions" ("group_id");
CREATE INDEX IF NOT EXISTS "auth_group_permissions_permission_id_84c5c92e" ON "auth_group_permissions" ("permission_id");
CREATE UNIQUE INDEX "auth_user_groups_user_id_group_id_94350c0c_uniq" ON "auth_user_groups" ("user_id", "group_id");
CREATE INDEX IF NOT EXISTS "auth_user_groups_user_id_6a12ed8b" ON "auth_user_groups" ("user_id");
CREATE INDEX IF NOT EXISTS "auth_user_groups_group_id_97559544" ON "auth_user_groups" ("group_id");
CREATE UNIQUE INDEX "auth_user_user_permissions_user_id_permission_id_14a6b632_uniq" ON "auth_user_user_permissions" ("user_id", "permission_id");
CREATE INDEX IF NOT EXISTS "auth_user_user_permissions_user_id_a95ead1b" ON "auth_user_user_permissions" ("user_id");
CREATE INDEX IF NOT EXISTS "auth_user_user_permissions_permission_id_1fbb5f2c" ON "auth_user_user_permissions" ("permission_id");
CREATE INDEX IF NOT EXISTS "django_admin_log_content_type_id_c4bce8eb" ON "django_admin_log" ("content_type_id");
CREATE INDEX IF NOT EXISTS "django_admin_log_user_id_c564eba6" ON "django_admin_log" ("user_id");
CREATE UNIQUE INDEX "django_content_type_app_label_model_76bd3d3b_uniq" ON "django_content_type" ("app_label", "model");
CREATE UNIQUE INDEX "auth_permission_content_type_id_codename_01ab375a_uniq" ON "auth_permission" ("content_type_id", "codename");
CREATE INDEX IF NOT EXISTS "auth_permission_content_type_id_2f476e4b" ON "auth_permission" ("content_type_id");
CREATE INDEX IF NOT EXISTS "django_session_expire_date_a5c62663" ON "django_session" ("expire_date");
CREATE INDEX IF NOT EXISTS "api_testimonials_user_id_298dbb28" ON "api_testimonials" ("user_id");
CREATE INDEX IF NOT EXISTS "token_blacklist_outstandingtoken_user_id_83bc629a" ON "token_blacklist_outstandingtoken" ("user_id");
CREATE TABLE IF NOT EXISTS "django_content_type" ("id" integer NOT NULL PRIMARY KEY AUTOINCREMENT, "app_label" varchar(100) NOT NULL, "model" varchar(100) NOT NULL);
INSERT INTO "django_content_type" VALUES(1,'admin','logentry');
INSERT INTO "django_content_type" VALUES(2,'auth','permission');
INSERT INTO "django_content_type" VALUES(3,'auth','group');
INSERT INTO "django_content_type" VALUES(4,'auth','user');
INSERT INTO "django_content_type" VALUES(5,'contenttypes','contenttype');
INSERT INTO "django_content_type" VALUES(6,'sessions','session');
INSERT INTO "django_content_type" VALUES(7,'api','intro');
INSERT INTO "django_content_type" VALUES(8,'api','website');
INSERT INTO "django_content_type" VALUES(9,'api','testimonials');
INSERT INTO "django_content_type" VALUES(10,'token_blacklist','blacklistedtoken');
INSERT INTO "django_content_type" VALUES(11,'token_blacklist','outstandingtoken');
CREATE UNIQUE INDEX "auth_group_permissions_group_id_permission_id_0cd325b0_uniq" ON "auth_group_permissions" ("group_id", "permission_id");
CREATE INDEX IF NOT EXISTS "auth_group_permissions_group_id_b120cbf9" ON "auth_group_permissions" ("group_id");
CREATE INDEX IF NOT EXISTS "auth_group_permissions_permission_id_84c5c92e" ON "auth_group_permissions" ("permission_id");
CREATE UNIQUE INDEX "auth_user_groups_user_id_group_id_94350c0c_uniq" ON "auth_user_groups" ("user_id", "group_id");
CREATE INDEX IF NOT EXISTS "auth_user_groups_user_id_6a12ed8b" ON "auth_user_groups" ("user_id");
CREATE INDEX IF NOT EXISTS "auth_user_groups_group_id_97559544" ON "auth_user_groups" ("group_id");
CREATE UNIQUE INDEX "auth_user_user_permissions_user_id_permission_id_14a6b632_uniq" ON "auth_user_user_permissions" ("user_id", "permission_id");
CREATE INDEX IF NOT EXISTS "auth_user_user_permissions_user_id_a95ead1b" ON "auth_user_user_permissions" ("user_id");
CREATE INDEX IF NOT EXISTS "auth_user_user_permissions_permission_id_1fbb5f2c" ON "auth_user_user_permissions" ("permission_id");
CREATE INDEX IF NOT EXISTS "django_admin_log_content_type_id_c4bce8eb" ON "django_admin_log" ("content_type_id");
CREATE INDEX IF NOT EXISTS "django_admin_log_user_id_c564eba6" ON "django_admin_log" ("user_id");
CREATE UNIQUE INDEX "django_content_type_app_label_model_76bd3d3b_uniq" ON "django_content_type" ("app_label", "model");
CREATE UNIQUE INDEX "auth_permission_content_type_id_codename_01ab375a_uniq" ON "auth_permission" ("content_type_id", "codename");
CREATE INDEX IF NOT EXISTS "auth_permission_content_type_id_2f476e4b" ON "auth_permission" ("content_type_id");
CREATE INDEX IF NOT EXISTS "django_session_expire_date_a5c62663" ON "django_session" ("expire_date");
CREATE INDEX IF NOT EXISTS "api_testimonials_user_id_298dbb28" ON "api_testimonials" ("user_id");
CREATE INDEX IF NOT EXISTS "token_blacklist_outstandingtoken_user_id_83bc629a" ON "token_blacklist_outstandingtoken" ("user_id");
CREATE TABLE IF NOT EXISTS "django_migrations" ("id" integer NOT NULL PRIMARY KEY AUTOINCREMENT, "app" varchar(255) NOT NULL, "name" varchar(255) NOT NULL, "applied" datetime NOT NULL);
INSERT INTO "django_migrations" VALUES(1,'contenttypes','0001_initial','2024-03-24 14:09:35.188064');
INSERT INTO "django_migrations" VALUES(2,'auth','0001_initial','2024-03-24 14:09:35.627705');
INSERT INTO "django_migrations" VALUES(3,'admin','0001_initial','2024-03-24 14:09:36.194671');
INSERT INTO "django_migrations" VALUES(4,'admin','0002_logentry_remove_auto_add','2024-03-24 14:09:36.434658');
INSERT INTO "django_migrations" VALUES(5,'admin','0003_logentry_add_action_flag_choices','2024-03-24 14:09:36.645963');
INSERT INTO "django_migrations" VALUES(6,'contenttypes','0002_remove_content_type_name','2024-03-24 14:09:37.203025');
INSERT INTO "django_migrations" VALUES(7,'auth','0002_alter_permission_name_max_length','2024-03-24 14:09:37.470103');
INSERT INTO "django_migrations" VALUES(8,'auth','0003_alter_user_email_max_length','2024-03-24 14:09:37.712123');
INSERT INTO "django_migrations" VALUES(9,'auth','0004_alter_user_username_opts','2024-03-24 14:09:38.085421');
INSERT INTO "django_migrations" VALUES(10,'auth','0005_alter_user_last_login_null','2024-03-24 14:09:38.398350');
INSERT INTO "django_migrations" VALUES(11,'auth','0006_require_contenttypes_0002','2024-03-24 14:09:38.657447');
INSERT INTO "django_migrations" VALUES(12,'auth','0007_alter_validators_add_error_messages','2024-03-24 14:09:38.895457');
INSERT INTO "django_migrations" VALUES(13,'auth','0008_alter_user_username_max_length','2024-03-24 14:09:39.130775');
INSERT INTO "django_migrations" VALUES(14,'auth','0009_alter_user_last_name_max_length','2024-03-24 14:09:39.500295');
INSERT INTO "django_migrations" VALUES(15,'auth','0010_alter_group_name_max_length','2024-03-24 14:09:39.772169');
INSERT INTO "django_migrations" VALUES(16,'auth','0011_update_proxy_permissions','2024-03-24 14:09:40.061770');
INSERT INTO "django_migrations" VALUES(17,'auth','0012_alter_user_first_name_max_length','2024-03-24 14:09:40.347242');
INSERT INTO "django_migrations" VALUES(18,'sessions','0001_initial','2024-03-24 14:09:40.853149');
INSERT INTO "django_migrations" VALUES(19,'api','0001_initial','2024-03-25 10:20:25.073919');
INSERT INTO "django_migrations" VALUES(20,'token_blacklist','0001_initial','2024-04-07 07:22:46.762267');
INSERT INTO "django_migrations" VALUES(21,'token_blacklist','0002_outstandingtoken_jti_hex','2024-04-07 07:22:47.015078');
INSERT INTO "django_migrations" VALUES(22,'token_blacklist','0003_auto_20171017_2007','2024-04-07 07:22:47.276453');
INSERT INTO "django_migrations" VALUES(23,'token_blacklist','0004_auto_20171017_2013','2024-04-07 07:22:47.504189');
INSERT INTO "django_migrations" VALUES(24,'token_blacklist','0005_remove_outstandingtoken_jti','2024-04-07 07:22:47.778767');
INSERT INTO "django_migrations" VALUES(25,'token_blacklist','0006_auto_20171017_2113','2024-04-07 07:22:48.052948');
INSERT INTO "django_migrations" VALUES(26,'token_blacklist','0007_auto_20171017_2214','2024-04-07 07:22:48.485817');
INSERT INTO "django_migrations" VALUES(27,'token_blacklist','0008_migrate_to_bigautofield','2024-04-07 07:22:48.739690');
INSERT INTO "django_migrations" VALUES(28,'token_blacklist','0010_fix_migrate_to_bigautofield','2024-04-07 07:22:49.204955');
INSERT INTO "django_migrations" VALUES(29,'token_blacklist','0011_linearizes_history','2024-04-07 07:22:49.373918');
INSERT INTO "django_migrations" VALUES(30,'token_blacklist','0012_alter_outstandingtoken_user','2024-04-07 07:22:49.651382');
INSERT INTO "django_migrations" VALUES(31,'api','0002_website_github_link','2024-04-28 14:15:54.554425');
INSERT INTO "django_migrations" VALUES(32,'api','0003_delete_intro','2024-05-01 10:51:57.603977');
CREATE UNIQUE INDEX "auth_group_permissions_group_id_permission_id_0cd325b0_uniq" ON "auth_group_permissions" ("group_id", "permission_id");
CREATE INDEX IF NOT EXISTS "auth_group_permissions_group_id_b120cbf9" ON "auth_group_permissions" ("group_id");
CREATE INDEX IF NOT EXISTS "auth_group_permissions_permission_id_84c5c92e" ON "auth_group_permissions" ("permission_id");
CREATE UNIQUE INDEX "auth_user_groups_user_id_group_id_94350c0c_uniq" ON "auth_user_groups" ("user_id", "group_id");
CREATE INDEX IF NOT EXISTS "auth_user_groups_user_id_6a12ed8b" ON "auth_user_groups" ("user_id");
CREATE INDEX IF NOT EXISTS "auth_user_groups_group_id_97559544" ON "auth_user_groups" ("group_id");
CREATE UNIQUE INDEX "auth_user_user_permissions_user_id_permission_id_14a6b632_uniq" ON "auth_user_user_permissions" ("user_id", "permission_id");
CREATE INDEX IF NOT EXISTS "auth_user_user_permissions_user_id_a95ead1b" ON "auth_user_user_permissions" ("user_id");
CREATE INDEX IF NOT EXISTS "auth_user_user_permissions_permission_id_1fbb5f2c" ON "auth_user_user_permissions" ("permission_id");
CREATE INDEX IF NOT EXISTS "django_admin_log_content_type_id_c4bce8eb" ON "django_admin_log" ("content_type_id");
CREATE INDEX IF NOT EXISTS "django_admin_log_user_id_c564eba6" ON "django_admin_log" ("user_id");
CREATE UNIQUE INDEX "django_content_type_app_label_model_76bd3d3b_uniq" ON "django_content_type" ("app_label", "model");
CREATE UNIQUE INDEX "auth_permission_content_type_id_codename_01ab375a_uniq" ON "auth_permission" ("content_type_id", "codename");
CREATE INDEX IF NOT EXISTS "auth_permission_content_type_id_2f476e4b" ON "auth_permission" ("content_type_id");
CREATE INDEX IF NOT EXISTS "django_session_expire_date_a5c62663" ON "django_session" ("expire_date");
CREATE INDEX IF NOT EXISTS "api_testimonials_user_id_298dbb28" ON "api_testimonials" ("user_id");
CREATE INDEX IF NOT EXISTS "token_blacklist_outstandingtoken_user_id_83bc629a" ON "token_blacklist_outstandingtoken" ("user_id");
CREATE TABLE IF NOT EXISTS "django_session" ("session_key" varchar(40) NOT NULL PRIMARY KEY, "session_data" text NOT NULL, "expire_date" datetime NOT NULL);
INSERT INTO "django_session" VALUES('dtgimtnpp16p14htlfr4bpg1lyb389g2','.eJxVjEEOwiAQRe_C2hAoDgWX7nsGMjCDVA0kpV0Z765NutDtf-_9lwi4rSVsnZcwk7gILU6_W8T04LoDumO9NZlaXZc5yl2RB-1yasTP6-H-HRTs5VvHqO3ACix7pZ017DI4M2ZvkkvgI9qR0JszEQPiYLOGDCmhAlQcNYn3B9_hOGM:1rp4lH:5b4mkC5WOmHTSkn-bhdRKfK1KXsOZMeJM7ou1KGoerA','2024-04-09 11:14:35.428419');
INSERT INTO "django_session" VALUES('2kplgjyp3dtv2312q7ose3a6kkpo3rvx','.eJxVjEEOwiAQRe_C2hAoDgWX7nsGMjCDVA0kpV0Z765NutDtf-_9lwi4rSVsnZcwk7gILU6_W8T04LoDumO9NZlaXZc5yl2RB-1yasTP6-H-HRTs5VvHqO3ACix7pZ017DI4M2ZvkkvgI9qR0JszEQPiYLOGDCmhAlQcNYn3B9_hOGM:1rqDKB:6-WFH6fnUf1GhgCMH_TVIFK8HQsMgH4aKWrQsIt7bz8','2024-04-12 14:35:19.281556');
INSERT INTO "django_session" VALUES('ig35ei8p67lti9ipz2xq1em2yj1lpqb6','.eJxVjEEOwiAQRe_C2hAoDgWX7nsGMjCDVA0kpV0Z765NutDtf-_9lwi4rSVsnZcwk7gILU6_W8T04LoDumO9NZlaXZc5yl2RB-1yasTP6-H-HRTs5VvHqO3ACix7pZ017DI4M2ZvkkvgI9qR0JszEQPiYLOGDCmhAlQcNYn3B9_hOGM:1rrgq3:pUDPBT2TpzUZ5Y2eo_ZZQHEC6icNoAZ4q9UI8uTrk7c','2024-04-16 16:18:19.725143');
INSERT INTO "django_session" VALUES('g3xy9swo2epatetj25c09emhybcacd5q','.eJxVjEEOwiAQRe_C2hAoDgWX7nsGMjCDVA0kpV0Z765NutDtf-_9lwi4rSVsnZcwk7gILU6_W8T04LoDumO9NZlaXZc5yl2RB-1yasTP6-H-HRTs5VvHqO3ACix7pZ017DI4M2ZvkkvgI9qR0JszEQPiYLOGDCmhAlQcNYn3B9_hOGM:1rwxex:pmw20VsPNPuB0tdAhTADybGjtARXmZsCHtEzPqXBZzo','2024-05-01 05:16:39.258158');
INSERT INTO "django_session" VALUES('cvb7zhhjvfxcrbvfsipixwajhscfcntv','.eJxVjEEOwiAQRe_C2hAoDgWX7nsGMjCDVA0kpV0Z765NutDtf-_9lwi4rSVsnZcwk7gILU6_W8T04LoDumO9NZlaXZc5yl2RB-1yasTP6-H-HRTs5VvHqO3ACix7pZ017DI4M2ZvkkvgI9qR0JszEQPiYLOGDCmhAlQcNYn3B9_hOGM:1ry6cj:U68peyXadhhuEjMnd4prKXRhDKZVit0JNmKW-Roar3o','2024-05-04 09:03:05.441423');
INSERT INTO "django_session" VALUES('4ncbta7boydhj1a80ztz7lee30lwzspz','.eJxVjEEOwiAQRe_C2hAoDgWX7nsGMjCDVA0kpV0Z765NutDtf-_9lwi4rSVsnZcwk7gILU6_W8T04LoDumO9NZlaXZc5yl2RB-1yasTP6-H-HRTs5VvHqO3ACix7pZ017DI4M2ZvkkvgI9qR0JszEQPiYLOGDCmhAlQcNYn3B9_hOGM:1ryUO1:6lJYplTHJ6fM_dwn8kDoZ5n2BNz_Twns8q6wwboZwNM','2024-05-05 10:25:29.704042');
INSERT INTO "django_session" VALUES('9ceint0pl6e0jbpo7o41bymooxvuiugv','.eJxVjEEOwiAQRe_C2hAoDgWX7nsGMjCDVA0kpV0Z765NutDtf-_9lwi4rSVsnZcwk7gILU6_W8T04LoDumO9NZlaXZc5yl2RB-1yasTP6-H-HRTs5VvHqO3ACix7pZ017DI4M2ZvkkvgI9qR0JszEQPiYLOGDCmhAlQcNYn3B9_hOGM:1s15KK:PxcHi5K32NNsA7pNxn2YcN6P16z0mK9KjjWgtL-hEiU','2024-05-12 14:16:24.636270');
INSERT INTO "django_session" VALUES('hovsikrxxa9f9w1rggpwmjhj7g4jy03o','.eJxVjEEOwiAQRe_C2hAoDgWX7nsGMjCDVA0kpV0Z765NutDtf-_9lwi4rSVsnZcwk7gILU6_W8T04LoDumO9NZlaXZc5yl2RB-1yasTP6-H-HRTs5VvHqO3ACix7pZ017DI4M2ZvkkvgI9qR0JszEQPiYLOGDCmhAlQcNYn3B9_hOGM:1s1qj5:r-z0kIWhzPi6PDS324jcOGoaKmX7vViA3lj4d6lSDN0','2024-05-14 16:53:07.531148');
INSERT INTO "django_session" VALUES('dpdw6i2t2cxblwn4pyb478h0w5k0z2lv','.eJxVjEEOwiAQRe_C2hAoDgWX7nsGMjCDVA0kpV0Z765NutDtf-_9lwi4rSVsnZcwk7gILU6_W8T04LoDumO9NZlaXZc5yl2RB-1yasTP6-H-HRTs5VvHqO3ACix7pZ017DI4M2ZvkkvgI9qR0JszEQPiYLOGDCmhAlQcNYn3B9_hOGM:1s5nYC:vNSmGFScaQ9OKKEWBUZAKN7owtJvndsiSYdX_tg1-bU','2024-05-25 14:18:12.625512');
CREATE UNIQUE INDEX "auth_group_permissions_group_id_permission_id_0cd325b0_uniq" ON "auth_group_permissions" ("group_id", "permission_id");
CREATE INDEX IF NOT EXISTS "auth_group_permissions_group_id_b120cbf9" ON "auth_group_permissions" ("group_id");
CREATE INDEX IF NOT EXISTS "auth_group_permissions_permission_id_84c5c92e" ON "auth_group_permissions" ("permission_id");
CREATE UNIQUE INDEX "auth_user_groups_user_id_group_id_94350c0c_uniq" ON "auth_user_groups" ("user_id", "group_id");
CREATE INDEX IF NOT EXISTS "auth_user_groups_user_id_6a12ed8b" ON "auth_user_groups" ("user_id");
CREATE INDEX IF NOT EXISTS "auth_user_groups_group_id_97559544" ON "auth_user_groups" ("group_id");
CREATE UNIQUE INDEX "auth_user_user_permissions_user_id_permission_id_14a6b632_uniq" ON "auth_user_user_permissions" ("user_id", "permission_id");
CREATE INDEX IF NOT EXISTS "auth_user_user_permissions_user_id_a95ead1b" ON "auth_user_user_permissions" ("user_id");
CREATE INDEX IF NOT EXISTS "auth_user_user_permissions_permission_id_1fbb5f2c" ON "auth_user_user_permissions" ("permission_id");
CREATE INDEX IF NOT EXISTS "django_admin_log_content_type_id_c4bce8eb" ON "django_admin_log" ("content_type_id");
CREATE INDEX IF NOT EXISTS "django_admin_log_user_id_c564eba6" ON "django_admin_log" ("user_id");
CREATE UNIQUE INDEX "django_content_type_app_label_model_76bd3d3b_uniq" ON "django_content_type" ("app_label", "model");
CREATE UNIQUE INDEX "auth_permission_content_type_id_codename_01ab375a_uniq" ON "auth_permission" ("content_type_id", "codename");
CREATE INDEX IF NOT EXISTS "auth_permission_content_type_id_2f476e4b" ON "auth_permission" ("content_type_id");
CREATE INDEX IF NOT EXISTS "django_session_expire_date_a5c62663" ON "django_session" ("expire_date");
CREATE INDEX IF NOT EXISTS "api_testimonials_user_id_298dbb28" ON "api_testimonials" ("user_id");
CREATE INDEX IF NOT EXISTS "token_blacklist_outstandingtoken_user_id_83bc629a" ON "token_blacklist_outstandingtoken" ("user_id");
CREATE TABLE IF NOT EXISTS "token_blacklist_blacklistedtoken" ("blacklisted_at" datetime NOT NULL, "token_id" bigint NOT NULL UNIQUE REFERENCES "token_blacklist_outstandingtoken" ("id") DEFERRABLE INITIALLY DEFERRED, "id" integer NOT NULL PRIMARY KEY AUTOINCREMENT);
INSERT INTO "token_blacklist_blacklistedtoken" VALUES('2024-04-07 07:24:16.309851',1,1);
CREATE UNIQUE INDEX "auth_group_permissions_group_id_permission_id_0cd325b0_uniq" ON "auth_group_permissions" ("group_id", "permission_id");
CREATE INDEX IF NOT EXISTS "auth_group_permissions_group_id_b120cbf9" ON "auth_group_permissions" ("group_id");
CREATE INDEX IF NOT EXISTS "auth_group_permissions_permission_id_84c5c92e" ON "auth_group_permissions" ("permission_id");
CREATE UNIQUE INDEX "auth_user_groups_user_id_group_id_94350c0c_uniq" ON "auth_user_groups" ("user_id", "group_id");
CREATE INDEX IF NOT EXISTS "auth_user_groups_user_id_6a12ed8b" ON "auth_user_groups" ("user_id");
CREATE INDEX IF NOT EXISTS "auth_user_groups_group_id_97559544" ON "auth_user_groups" ("group_id");
CREATE UNIQUE INDEX "auth_user_user_permissions_user_id_permission_id_14a6b632_uniq" ON "auth_user_user_permissions" ("user_id", "permission_id");
CREATE INDEX IF NOT EXISTS "auth_user_user_permissions_user_id_a95ead1b" ON "auth_user_user_permissions" ("user_id");
CREATE INDEX IF NOT EXISTS "auth_user_user_permissions_permission_id_1fbb5f2c" ON "auth_user_user_permissions" ("permission_id");
CREATE INDEX IF NOT EXISTS "django_admin_log_content_type_id_c4bce8eb" ON "django_admin_log" ("content_type_id");
CREATE INDEX IF NOT EXISTS "django_admin_log_user_id_c564eba6" ON "django_admin_log" ("user_id");
CREATE UNIQUE INDEX "django_content_type_app_label_model_76bd3d3b_uniq" ON "django_content_type" ("app_label", "model");
CREATE UNIQUE INDEX "auth_permission_content_type_id_codename_01ab375a_uniq" ON "auth_permission" ("content_type_id", "codename");
CREATE INDEX IF NOT EXISTS "auth_permission_content_type_id_2f476e4b" ON "auth_permission" ("content_type_id");
CREATE INDEX IF NOT EXISTS "django_session_expire_date_a5c62663" ON "django_session" ("expire_date");
CREATE INDEX IF NOT EXISTS "api_testimonials_user_id_298dbb28" ON "api_testimonials" ("user_id");
CREATE INDEX IF NOT EXISTS "token_blacklist_outstandingtoken_user_id_83bc629a" ON "token_blacklist_outstandingtoken" ("user_id");
CREATE TABLE IF NOT EXISTS "token_blacklist_outstandingtoken" ("token" text NOT NULL, "created_at" datetime NULL, "expires_at" datetime NOT NULL, "user_id" integer NULL REFERENCES "auth_user" ("id") DEFERRABLE INITIALLY DEFERRED, "jti" varchar(255) NOT NULL UNIQUE, "id" integer NOT NULL PRIMARY KEY AUTOINCREMENT);
INSERT INTO "token_blacklist_outstandingtoken" VALUES('eyJhbGciOiJIUzI1NiIsInR5cCI6IkpXVCJ9.eyJ0b2tlbl90eXBlIjoicmVmcmVzaCIsImV4cCI6MTcyMDI1MDYyOCwiaWF0IjoxNzEyNDc0NjI4LCJqdGkiOiJjNmZmNjEzNTM0Zjg0ZGYwOTU3YTUyYzEyMDk0Njg1MyIsInVzZXJfaWQiOjF9.GrzMwqWTozksbKILt6Raq0LQe9R_w1F2FjW-U6DJoFg','2024-04-07 07:23:48.845596','2024-07-06 07:23:48',1,'c6ff613534f84df0957a52c120946853',1);
INSERT INTO "token_blacklist_outstandingtoken" VALUES('eyJhbGciOiJIUzI1NiIsInR5cCI6IkpXVCJ9.eyJ0b2tlbl90eXBlIjoicmVmcmVzaCIsImV4cCI6MTcyMDI1MTM3MSwiaWF0IjoxNzEyNDc1MzcxLCJqdGkiOiI1NmFkOTJkZGExZjY0OGRmYThiM2Y5NTg1Njk5YTA2ZiIsInVzZXJfaWQiOjF9.0Wx1XzTG-ac2fa9DzBFPB-jkvJVWuzE7UI7oPEJXNG0','2024-04-07 07:36:11.119651','2024-07-06 07:36:11',1,'56ad92dda1f648dfa8b3f9585699a06f',2);
INSERT INTO "token_blacklist_outstandingtoken" VALUES('eyJhbGciOiJIUzI1NiIsInR5cCI6IkpXVCJ9.eyJ0b2tlbl90eXBlIjoicmVmcmVzaCIsImV4cCI6MTcyMDI2MjM3OCwiaWF0IjoxNzEyNDg2Mzc4LCJqdGkiOiIyOTE5ZTdhZjE0MDM0MmEzODBmMmMxZjFkMTBhMzNlZCIsInVzZXJfaWQiOjF9.t0b3ccUh8xgS84Ot9Pga_19eVxnE1Jj0R3mEx_p9nfY','2024-04-07 10:39:38.539130','2024-07-06 10:39:38',1,'2919e7af140342a380f2c1f1d10a33ed',3);
INSERT INTO "token_blacklist_outstandingtoken" VALUES('eyJhbGciOiJIUzI1NiIsInR5cCI6IkpXVCJ9.eyJ0b2tlbl90eXBlIjoicmVmcmVzaCIsImV4cCI6MTcyMDI2MjQ0NCwiaWF0IjoxNzEyNDg2NDQ0LCJqdGkiOiJiNmI3YTE1ZWMzNmY0MzUyYjUxNjA3N2Y4YzcwOGZjYyIsInVzZXJfaWQiOjF9.l4K_jghUK4TnnIinUIiwmYUmuMex7mk_f4fgKh0h3c0','2024-04-07 10:40:44.148878','2024-07-06 10:40:44',1,'b6b7a15ec36f4352b516077f8c708fcc',4);
INSERT INTO "token_blacklist_outstandingtoken" VALUES('eyJhbGciOiJIUzI1NiIsInR5cCI6IkpXVCJ9.eyJ0b2tlbl90eXBlIjoicmVmcmVzaCIsImV4cCI6MTcyMDI2MjU1NywiaWF0IjoxNzEyNDg2NTU3LCJqdGkiOiJlNWRjZTYxMDJlZGQ0YmU0ODczMTU4NjMxZTgxMmYzMSIsInVzZXJfaWQiOjF9.AYxYxGo1leMfrgiN5A9uqTPnoPqPtttCsStPX8C0bJo','2024-04-07 10:42:37.661043','2024-07-06 10:42:37',1,'e5dce6102edd4be4873158631e812f31',5);
INSERT INTO "token_blacklist_outstandingtoken" VALUES('eyJhbGciOiJIUzI1NiIsInR5cCI6IkpXVCJ9.eyJ0b2tlbl90eXBlIjoicmVmcmVzaCIsImV4cCI6MTcyMDI2MjYxOSwiaWF0IjoxNzEyNDg2NjE5LCJqdGkiOiI0YjcwYzg5ZDU2NzE0NmM4Yjc3OGNmYWQ1MmQ2NGUzMyIsInVzZXJfaWQiOjF9.FFe6Et3NSoM0JsHskoF2NUntgKMtsFqoAQBASO7mUZU','2024-04-07 10:43:39.258782','2024-07-06 10:43:39',1,'4b70c89d567146c8b778cfad52d64e33',6);
INSERT INTO "token_blacklist_outstandingtoken" VALUES('eyJhbGciOiJIUzI1NiIsInR5cCI6IkpXVCJ9.eyJ0b2tlbl90eXBlIjoicmVmcmVzaCIsImV4cCI6MTcyMDI2MjY2NiwiaWF0IjoxNzEyNDg2NjY2LCJqdGkiOiI1YzIzNDcyOWIzOGU0YjlmOGE0MjRlZWE0Y2RlZjQ4NCIsInVzZXJfaWQiOjF9.bcHQNENHfjhpJ2LUDIq6hvJNDG17NSaz7OU1QKqRH0k','2024-04-07 10:44:26.547065','2024-07-06 10:44:26',1,'5c234729b38e4b9f8a424eea4cdef484',7);
INSERT INTO "token_blacklist_outstandingtoken" VALUES('eyJhbGciOiJIUzI1NiIsInR5cCI6IkpXVCJ9.eyJ0b2tlbl90eXBlIjoicmVmcmVzaCIsImV4cCI6MTcyMDI2Mjk0MSwiaWF0IjoxNzEyNDg2OTQxLCJqdGkiOiJkOWZjNmE2YmI5NmY0ZGVmOGFmYTQ2OTc1NThiMTlmZiIsInVzZXJfaWQiOjF9.03zJmcm-6E2z4sV47TRp-IT9xe7NIywF3NV0WA5nC0o','2024-04-07 10:49:01.319333','2024-07-06 10:49:01',1,'d9fc6a6bb96f4def8afa4697558b19ff',8);
INSERT INTO "token_blacklist_outstandingtoken" VALUES('eyJhbGciOiJIUzI1NiIsInR5cCI6IkpXVCJ9.eyJ0b2tlbl90eXBlIjoicmVmcmVzaCIsImV4cCI6MTcyMDI2MzMwMCwiaWF0IjoxNzEyNDg3MzAwLCJqdGkiOiIxZGE0MTVhMTY3ODc0NjIzYjJjZTc5ODczYWRiNWU3ZSIsInVzZXJfaWQiOjF9.lZvQDSn0SGS6qhUXvRJWCjR3m6BFLBKA3NooJx20FAg','2024-04-07 10:55:00.264555','2024-07-06 10:55:00',1,'1da415a167874623b2ce79873adb5e7e',9);
INSERT INTO "token_blacklist_outstandingtoken" VALUES('eyJhbGciOiJIUzI1NiIsInR5cCI6IkpXVCJ9.eyJ0b2tlbl90eXBlIjoicmVmcmVzaCIsImV4cCI6MTcyMDI2MzMwMywiaWF0IjoxNzEyNDg3MzAzLCJqdGkiOiJjZGM5MTAyODhjNjQ0ZTFiYWU1MDMwNzM3NjZkNzI3YSIsInVzZXJfaWQiOjF9.zSsHYNxw4eCmiRdLerCpPCLbbLFWBnGFQ45xp45MpWY','2024-04-07 10:55:03.154792','2024-07-06 10:55:03',1,'cdc910288c644e1bae503073766d727a',10);
INSERT INTO "token_blacklist_outstandingtoken" VALUES('eyJhbGciOiJIUzI1NiIsInR5cCI6IkpXVCJ9.eyJ0b2tlbl90eXBlIjoicmVmcmVzaCIsImV4cCI6MTcyMDI2MzMwMywiaWF0IjoxNzEyNDg3MzAzLCJqdGkiOiIxYzc1N2VjOTg3M2Q0NmU4YmE4YzU2YThhM2NlOTMyMSIsInVzZXJfaWQiOjF9.aVKCiHCVvMRaO_HXsHo4anojDXP5C9vxY1aB-EyZZ-c','2024-04-07 10:55:03.331953','2024-07-06 10:55:03',1,'1c757ec9873d46e8ba8c56a8a3ce9321',11);
INSERT INTO "token_blacklist_outstandingtoken" VALUES('eyJhbGciOiJIUzI1NiIsInR5cCI6IkpXVCJ9.eyJ0b2tlbl90eXBlIjoicmVmcmVzaCIsImV4cCI6MTcyMDI2MzMwMywiaWF0IjoxNzEyNDg3MzAzLCJqdGkiOiIwOTU1OTQ2ZWY1ZTU0YmEzYTFjY2I3MTEzMTNmNDYyZCIsInVzZXJfaWQiOjF9.c-g_4lvQKFpHB0l75SYIJyWSEbXyXZfZ_bgXVqLLc-U','2024-04-07 10:55:03.321943','2024-07-06 10:55:03',1,'0955946ef5e54ba3a1ccb711313f462d',12);
INSERT INTO "token_blacklist_outstandingtoken" VALUES('eyJhbGciOiJIUzI1NiIsInR5cCI6IkpXVCJ9.eyJ0b2tlbl90eXBlIjoicmVmcmVzaCIsImV4cCI6MTcyMDI2MzMwMywiaWF0IjoxNzEyNDg3MzAzLCJqdGkiOiI3MTM5YTZmYzU4ZDA0ZWRkOTgyMTFlYTgzOTU0NWVjYyIsInVzZXJfaWQiOjF9.rhPjG2gi7onIq5b0OhXTJ3MzPjZOVHxDmIMvKOAbi04','2024-04-07 10:55:03.185820','2024-07-06 10:55:03',1,'7139a6fc58d04edd98211ea839545ecc',13);
INSERT INTO "token_blacklist_outstandingtoken" VALUES('eyJhbGciOiJIUzI1NiIsInR5cCI6IkpXVCJ9.eyJ0b2tlbl90eXBlIjoicmVmcmVzaCIsImV4cCI6MTcyMDI2MzMwMywiaWF0IjoxNzEyNDg3MzAzLCJqdGkiOiIzNmQ3YmZmZDZmNzk0YWJkYjA4YjAxYzk4M2RhZDgwMSIsInVzZXJfaWQiOjF9.LRtCcN-T2Avsya5ezT5_NfU0pQSLOI_pGEnFt6zuRPQ','2024-04-07 10:55:03.394008','2024-07-06 10:55:03',1,'36d7bffd6f794abdb08b01c983dad801',14);
INSERT INTO "token_blacklist_outstandingtoken" VALUES('eyJhbGciOiJIUzI1NiIsInR5cCI6IkpXVCJ9.eyJ0b2tlbl90eXBlIjoicmVmcmVzaCIsImV4cCI6MTcyMDI2MzMwMywiaWF0IjoxNzEyNDg3MzAzLCJqdGkiOiI3YTdkODdiODVmMDc0YTRhYjIzMDM4OWQzOTRkNGJjZSIsInVzZXJfaWQiOjF9.cALFXsmyYBeWMAFJ2PLfkdoPk-2pk0XSYJNec-11O8w','2024-04-07 10:55:03.282908','2024-07-06 10:55:03',1,'7a7d87b85f074a4ab230389d394d4bce',15);
INSERT INTO "token_blacklist_outstandingtoken" VALUES('eyJhbGciOiJIUzI1NiIsInR5cCI6IkpXVCJ9.eyJ0b2tlbl90eXBlIjoicmVmcmVzaCIsImV4cCI6MTcyMDI2MzMwNSwiaWF0IjoxNzEyNDg3MzA1LCJqdGkiOiIwMDJmMWJkMGM2YTQ0NDJiOWJiMTliOWMzZjJkM2IxZSIsInVzZXJfaWQiOjF9.LUvFmTMxW2rETXt0ZGnr4-nXEFCZ7B8ne1vEf1Z0P3s','2024-04-07 10:55:05.223855','2024-07-06 10:55:05',1,'002f1bd0c6a4442b9bb19b9c3f2d3b1e',16);
INSERT INTO "token_blacklist_outstandingtoken" VALUES('eyJhbGciOiJIUzI1NiIsInR5cCI6IkpXVCJ9.eyJ0b2tlbl90eXBlIjoicmVmcmVzaCIsImV4cCI6MTcyMDI2MzMwNSwiaWF0IjoxNzEyNDg3MzA1LCJqdGkiOiJhYjNjODJhNTkwMzg0YmM4ODY3MTY1MTAyNDg5MzY2MyIsInVzZXJfaWQiOjF9.rTr-fkeMMu_b41AudL6my4nhAkGQEi1ybo2Dn5zIIgc','2024-04-07 10:55:05.257883','2024-07-06 10:55:05',1,'ab3c82a590384bc88671651024893663',17);
INSERT INTO "token_blacklist_outstandingtoken" VALUES('eyJhbGciOiJIUzI1NiIsInR5cCI6IkpXVCJ9.eyJ0b2tlbl90eXBlIjoicmVmcmVzaCIsImV4cCI6MTcyMDI2MzMwNSwiaWF0IjoxNzEyNDg3MzA1LCJqdGkiOiI0OGI5NTQyNGQ2YzM0NzFhOTIwYzY2MzMzZGMyMDJjYSIsInVzZXJfaWQiOjF9.KKtmx8mxXgJ5zG5NZL8JZapt7LFZfv0hUzJoLkqo2Ls','2024-04-07 10:55:05.482347','2024-07-06 10:55:05',1,'48b95424d6c3471a920c66333dc202ca',18);
INSERT INTO "token_blacklist_outstandingtoken" VALUES('eyJhbGciOiJIUzI1NiIsInR5cCI6IkpXVCJ9.eyJ0b2tlbl90eXBlIjoicmVmcmVzaCIsImV4cCI6MTcyMDI2MzQ0MywiaWF0IjoxNzEyNDg3NDQzLCJqdGkiOiIzOTk3MGJhNzI4ZTU0ZTgyYTI2ZDE0M2Y2N2E4OGZhZiIsInVzZXJfaWQiOjF9.c810g_7OuyuYqBtpAxJPW1N32SW4m-M-90Egj9ZVCTo','2024-04-07 10:57:23.177030','2024-07-06 10:57:23',1,'39970ba728e54e82a26d143f67a88faf',19);
INSERT INTO "token_blacklist_outstandingtoken" VALUES('eyJhbGciOiJIUzI1NiIsInR5cCI6IkpXVCJ9.eyJ0b2tlbl90eXBlIjoicmVmcmVzaCIsImV4cCI6MTcyMDI2MzQ0NiwiaWF0IjoxNzEyNDg3NDQ2LCJqdGkiOiI0NzdlZDg4NjdjYzA0OTlmOThhZGUxZTliNTRjNTQxOSIsInVzZXJfaWQiOjF9.oYE9xjoQIBrlky0IjBjjFNBdTPsVkPH1s74mKyVJMug','2024-04-07 10:57:26.592052','2024-07-06 10:57:26',1,'477ed8867cc0499f98ade1e9b54c5419',20);
INSERT INTO "token_blacklist_outstandingtoken" VALUES('eyJhbGciOiJIUzI1NiIsInR5cCI6IkpXVCJ9.eyJ0b2tlbl90eXBlIjoicmVmcmVzaCIsImV4cCI6MTcyMDI2Mzc4NCwiaWF0IjoxNzEyNDg3Nzg0LCJqdGkiOiJkNDI4ODIzZDZlNzY0YjgyODY5MzNiYTRhNjFhM2RlZCIsInVzZXJfaWQiOjF9.lVp-Vbfo-lSMTGHXmutYdQLVq-GWSqSUOWDrq4ZXpW4','2024-04-07 11:03:04.702304','2024-07-06 11:03:04',1,'d428823d6e764b8286933ba4a61a3ded',21);
INSERT INTO "token_blacklist_outstandingtoken" VALUES('eyJhbGciOiJIUzI1NiIsInR5cCI6IkpXVCJ9.eyJ0b2tlbl90eXBlIjoicmVmcmVzaCIsImV4cCI6MTcyMDI2Mzg3MywiaWF0IjoxNzEyNDg3ODczLCJqdGkiOiI2MDE5YWIwNjI2Njg0NDhkYjFjNzZjNDA3NDEzNjk4ZiIsInVzZXJfaWQiOjF9.DrTJOGhoAon0ZsvKaLzoNedrKaiZfPUNlaAZIZVcNcg','2024-04-07 11:04:33.931876','2024-07-06 11:04:33',1,'6019ab062668448db1c76c407413698f',22);
INSERT INTO "token_blacklist_outstandingtoken" VALUES('eyJhbGciOiJIUzI1NiIsInR5cCI6IkpXVCJ9.eyJ0b2tlbl90eXBlIjoicmVmcmVzaCIsImV4cCI6MTcyMDI3NDk2NSwiaWF0IjoxNzEyNDk4OTY1LCJqdGkiOiJiZTUzNDc5MjNjMDE0MTE2YTZhMTg4MGQzMjIwZTc2MyIsInVzZXJfaWQiOjF9.H5VghDAzRLiOh1zM9Q1pSg6AnkvJ8IWdZ_ACMLOsQlA','2024-04-07 14:09:25.254220','2024-07-06 14:09:25',1,'be5347923c014116a6a1880d3220e763',23);
INSERT INTO "token_blacklist_outstandingtoken" VALUES('eyJhbGciOiJIUzI1NiIsInR5cCI6IkpXVCJ9.eyJ0b2tlbl90eXBlIjoicmVmcmVzaCIsImV4cCI6MTcyMDI3NDk3NiwiaWF0IjoxNzEyNDk4OTc2LCJqdGkiOiIxOGRhMTg5OTMzOTg0N2RmOGYzODU3YTRhMzk0YjQ2ZCIsInVzZXJfaWQiOjF9.1YlemlSSnsNStin7NqP4j5UziuxzsZIkenMV-N9f-sg','2024-04-07 14:09:36.713998','2024-07-06 14:09:36',1,'18da1899339847df8f3857a4a394b46d',24);
INSERT INTO "token_blacklist_outstandingtoken" VALUES('eyJhbGciOiJIUzI1NiIsInR5cCI6IkpXVCJ9.eyJ0b2tlbl90eXBlIjoicmVmcmVzaCIsImV4cCI6MTcyMDI3NTAxNCwiaWF0IjoxNzEyNDk5MDE0LCJqdGkiOiJlOWMzNzA1ZWM4NmQ0NGI4OWM0M2QyZTUyZjcxNDJkYiIsInVzZXJfaWQiOjF9.7lIq-tYV8Vom8DU3W2JWfG0bEn1MEQZF9dF2VNyCSQU','2024-04-07 14:10:14.854335','2024-07-06 14:10:14',1,'e9c3705ec86d44b89c43d2e52f7142db',25);
INSERT INTO "token_blacklist_outstandingtoken" VALUES('eyJhbGciOiJIUzI1NiIsInR5cCI6IkpXVCJ9.eyJ0b2tlbl90eXBlIjoicmVmcmVzaCIsImV4cCI6MTcyMDI3NTAxOCwiaWF0IjoxNzEyNDk5MDE4LCJqdGkiOiIyMzIwNDUyNjRjMDY0YjBlOTgyMjNkNmUxZGNiY2Q5ZCIsInVzZXJfaWQiOjF9.v4tSUK7n7HIobTUAZCLKciL7-98NkQJS26M6IadQjbU','2024-04-07 14:10:18.065588','2024-07-06 14:10:18',1,'232045264c064b0e98223d6e1dcbcd9d',26);
INSERT INTO "token_blacklist_outstandingtoken" VALUES('eyJhbGciOiJIUzI1NiIsInR5cCI6IkpXVCJ9.eyJ0b2tlbl90eXBlIjoicmVmcmVzaCIsImV4cCI6MTcyMDI3NTAxOSwiaWF0IjoxNzEyNDk5MDE5LCJqdGkiOiJmNjY3MDQ5ODE3YTQ0MmI3YjJmMmEzMjExMjE5OTUxZiIsInVzZXJfaWQiOjF9.yK0LEAif3fyMXjXlXxTDU_dnQM17hW1kLhMEnw17a4E','2024-04-07 14:10:19.691967','2024-07-06 14:10:19',1,'f667049817a442b7b2f2a3211219951f',27);
INSERT INTO "token_blacklist_outstandingtoken" VALUES('eyJhbGciOiJIUzI1NiIsInR5cCI6IkpXVCJ9.eyJ0b2tlbl90eXBlIjoicmVmcmVzaCIsImV4cCI6MTcyMDI3NTAxOSwiaWF0IjoxNzEyNDk5MDE5LCJqdGkiOiIwNjU4Mjk4YjYwZTQ0ZDIyYjkxYmMzMzUyYWY5MGM0NCIsInVzZXJfaWQiOjF9.ZTgMNfB9guQXHxvExEV-b8rUlNmVfnkTK8AviKB-bpY','2024-04-07 14:10:19.842100','2024-07-06 14:10:19',1,'0658298b60e44d22b91bc3352af90c44',28);
INSERT INTO "token_blacklist_outstandingtoken" VALUES('eyJhbGciOiJIUzI1NiIsInR5cCI6IkpXVCJ9.eyJ0b2tlbl90eXBlIjoicmVmcmVzaCIsImV4cCI6MTcyMDI3NTAyMCwiaWF0IjoxNzEyNDk5MDIwLCJqdGkiOiI2MTBiMmQzNGRkYTE0MGU1YWRlMTQyNDJiYTNjY2Q0OSIsInVzZXJfaWQiOjF9.IMM5KcoaDO-ud09hsER7g_2epM1Y-glU8CYwvP1oH2c','2024-04-07 14:10:20.217437','2024-07-06 14:10:20',1,'610b2d34dda140e5ade14242ba3ccd49',29);
INSERT INTO "token_blacklist_outstandingtoken" VALUES('eyJhbGciOiJIUzI1NiIsInR5cCI6IkpXVCJ9.eyJ0b2tlbl90eXBlIjoicmVmcmVzaCIsImV4cCI6MTcyMDI3NTAyMCwiaWF0IjoxNzEyNDk5MDIwLCJqdGkiOiIwMTNmMmM3YTc3MDY0OGQ4ODUzYTJkYTY1ZTA0NWEwYSIsInVzZXJfaWQiOjF9.HuwVirMrmvoVr_ql4DThjRpiGV2YvtPD_6DHHyWmvUk','2024-04-07 14:10:20.711882','2024-07-06 14:10:20',1,'013f2c7a770648d8853a2da65e045a0a',30);
INSERT INTO "token_blacklist_outstandingtoken" VALUES('eyJhbGciOiJIUzI1NiIsInR5cCI6IkpXVCJ9.eyJ0b2tlbl90eXBlIjoicmVmcmVzaCIsImV4cCI6MTcyMDI3NTAyMCwiaWF0IjoxNzEyNDk5MDIwLCJqdGkiOiJjYTZhMmEwYzg0ZGQ0NzA5YWIwNjE0NTRkYTQ5OWJjYyIsInVzZXJfaWQiOjF9.Jtax8-Yf9YD0nwVQQRDuFDRk2axPTf_8DdDcLbe05Wc','2024-04-07 14:10:20.849004','2024-07-06 14:10:20',1,'ca6a2a0c84dd4709ab061454da499bcc',31);
INSERT INTO "token_blacklist_outstandingtoken" VALUES('eyJhbGciOiJIUzI1NiIsInR5cCI6IkpXVCJ9.eyJ0b2tlbl90eXBlIjoicmVmcmVzaCIsImV4cCI6MTcyMDI3NTAyMCwiaWF0IjoxNzEyNDk5MDIwLCJqdGkiOiI4YWUyMTNlNGYyMzE0NWU3OTNiODhmY2EwMzUwMGY2YiIsInVzZXJfaWQiOjF9.AcwET1kmmc03fhhicN8IAbA3YfFMO7RTJpqValDtbLs','2024-04-07 14:10:20.782945','2024-07-06 14:10:20',1,'8ae213e4f23145e793b88fca03500f6b',32);
INSERT INTO "token_blacklist_outstandingtoken" VALUES('eyJhbGciOiJIUzI1NiIsInR5cCI6IkpXVCJ9.eyJ0b2tlbl90eXBlIjoicmVmcmVzaCIsImV4cCI6MTcyMDI3NTAyMSwiaWF0IjoxNzEyNDk5MDIxLCJqdGkiOiIyY2JmYzkzNjZhOWQ0MWNmYmI5ZjY3NWY0NTM0M2MwZCIsInVzZXJfaWQiOjF9.1FwsIQ8PG3NlfKErSMT5Hc3vurj2FG2vuhUkTMsadY0','2024-04-07 14:10:21.524556','2024-07-06 14:10:21',1,'2cbfc9366a9d41cfbb9f675f45343c0d',33);
INSERT INTO "token_blacklist_outstandingtoken" VALUES('eyJhbGciOiJIUzI1NiIsInR5cCI6IkpXVCJ9.eyJ0b2tlbl90eXBlIjoicmVmcmVzaCIsImV4cCI6MTcyMDI3NTA0NiwiaWF0IjoxNzEyNDk5MDQ2LCJqdGkiOiIzMzQ1NDc2NGE3YTg0ZTM3YTRhNDQwZGQxMWQ1YWRhMiIsInVzZXJfaWQiOjF9.paUjseUIzTyQJWuyq9islX3a5YiBq5s7F9wF_nJJWg8','2024-04-07 14:10:46.837882','2024-07-06 14:10:46',1,'33454764a7a84e37a4a440dd11d5ada2',34);
INSERT INTO "token_blacklist_outstandingtoken" VALUES('eyJhbGciOiJIUzI1NiIsInR5cCI6IkpXVCJ9.eyJ0b2tlbl90eXBlIjoicmVmcmVzaCIsImV4cCI6MTcyMDI3NTQ1MSwiaWF0IjoxNzEyNDk5NDUxLCJqdGkiOiJiYjFjODlmYjk4ZmU0NmQzODFhNmVlYjlkYmE3YmRlNyIsInVzZXJfaWQiOjF9.iOnEnF81v48cfZec1aH1-cfnXunFkdfcQjnLc7pMuug','2024-04-07 14:17:31.362606','2024-07-06 14:17:31',1,'bb1c89fb98fe46d381a6eeb9dba7bde7',35);
INSERT INTO "token_blacklist_outstandingtoken" VALUES('eyJhbGciOiJIUzI1NiIsInR5cCI6IkpXVCJ9.eyJ0b2tlbl90eXBlIjoicmVmcmVzaCIsImV4cCI6MTcyMDI3NTQ5NSwiaWF0IjoxNzEyNDk5NDk1LCJqdGkiOiJlMzU3Y2RkM2RkYTA0N2VkYTkyMmY3YTAwNjI5MjUwZCIsInVzZXJfaWQiOjF9.rUDno9zUi-Lcmol7VRBGtJ13GOsm8jgnugBDGQADPbQ','2024-04-07 14:18:15.965095','2024-07-06 14:18:15',1,'e357cdd3dda047eda922f7a00629250d',36);
INSERT INTO "token_blacklist_outstandingtoken" VALUES('eyJhbGciOiJIUzI1NiIsInR5cCI6IkpXVCJ9.eyJ0b2tlbl90eXBlIjoicmVmcmVzaCIsImV4cCI6MTcyMDI3NTU0NSwiaWF0IjoxNzEyNDk5NTQ1LCJqdGkiOiJlNGI1NzU3NzEwYzQ0YWUxYTIwOTY4ZWUxYmZiZWQzMCIsInVzZXJfaWQiOjF9.t1VLrrdpZbR84iXgEVPJC0qBzEFkubo97YVH5YfuY84','2024-04-07 14:19:05.663121','2024-07-06 14:19:05',1,'e4b5757710c44ae1a20968ee1bfbed30',37);
INSERT INTO "token_blacklist_outstandingtoken" VALUES('eyJhbGciOiJIUzI1NiIsInR5cCI6IkpXVCJ9.eyJ0b2tlbl90eXBlIjoicmVmcmVzaCIsImV4cCI6MTcyMDI3NTU4NCwiaWF0IjoxNzEyNDk5NTg0LCJqdGkiOiI0NGU0Y2Y3Mjc0MDE0ZDY2YWRkZWYwMmNlMmNlMTIwMyIsInVzZXJfaWQiOjF9.-6PlxPePgYExF3VXNpF7aYgfrAu-G-In8ItsMy0zlks','2024-04-07 14:19:44.999136','2024-07-06 14:19:44',1,'44e4cf7274014d66addef02ce2ce1203',38);
INSERT INTO "token_blacklist_outstandingtoken" VALUES('eyJhbGciOiJIUzI1NiIsInR5cCI6IkpXVCJ9.eyJ0b2tlbl90eXBlIjoicmVmcmVzaCIsImV4cCI6MTcyMDI3NTU5OCwiaWF0IjoxNzEyNDk5NTk4LCJqdGkiOiIzMjk4MWYxMmEwOTE0YzI3ODI4ZjYyZWIwYjU0MmU1MCIsInVzZXJfaWQiOjF9.4PSJDmASQq_kSFVpkFOnU7-fhNLx69doEN-kWHSqWdg','2024-04-07 14:19:58.818800','2024-07-06 14:19:58',1,'32981f12a0914c27828f62eb0b542e50',39);
INSERT INTO "token_blacklist_outstandingtoken" VALUES('eyJhbGciOiJIUzI1NiIsInR5cCI6IkpXVCJ9.eyJ0b2tlbl90eXBlIjoicmVmcmVzaCIsImV4cCI6MTcyMDI3NTc3NCwiaWF0IjoxNzEyNDk5Nzc0LCJqdGkiOiJhYzc0OGQxYzMxMjA0ODViODAyNTNiZTBhNjVjZDVjMSIsInVzZXJfaWQiOjF9.sfNWsEX796WkgU4vW1M-lfGjYwxJMYOoJXOL5jUJ3IY','2024-04-07 14:22:54.876550','2024-07-06 14:22:54',1,'ac748d1c3120485b80253be0a65cd5c1',40);
INSERT INTO "token_blacklist_outstandingtoken" VALUES('eyJhbGciOiJIUzI1NiIsInR5cCI6IkpXVCJ9.eyJ0b2tlbl90eXBlIjoicmVmcmVzaCIsImV4cCI6MTcyMDI3NTgwMiwiaWF0IjoxNzEyNDk5ODAyLCJqdGkiOiJiNTRiNjc1YzU5ZGY0MjliYTAyZGU3M2VjODNlYzU4NyIsInVzZXJfaWQiOjF9.F9rFdyKmbqYRGUfLnruLQ9Ey-kQgxvWeihp-uy0oOmk','2024-04-07 14:23:22.148009','2024-07-06 14:23:22',1,'b54b675c59df429ba02de73ec83ec587',41);
INSERT INTO "token_blacklist_outstandingtoken" VALUES('eyJhbGciOiJIUzI1NiIsInR5cCI6IkpXVCJ9.eyJ0b2tlbl90eXBlIjoicmVmcmVzaCIsImV4cCI6MTcyMDI3NTkyMCwiaWF0IjoxNzEyNDk5OTIwLCJqdGkiOiJiMjkzMzMxY2QyMmQ0NGRkODY2MWUxMWZkYmQwNDAyZCIsInVzZXJfaWQiOjF9.ALjdfRw9GTYCfvU0YO7lB3PVXnVSQTfx5LoV_MjKAvE','2024-04-07 14:25:20.718657','2024-07-06 14:25:20',1,'b293331cd22d44dd8661e11fdbd0402d',42);
INSERT INTO "token_blacklist_outstandingtoken" VALUES('eyJhbGciOiJIUzI1NiIsInR5cCI6IkpXVCJ9.eyJ0b2tlbl90eXBlIjoicmVmcmVzaCIsImV4cCI6MTcyMDI3NTkzNiwiaWF0IjoxNzEyNDk5OTM2LCJqdGkiOiJhODRjZGU0OTZlYWE0ZDc5YTg3N2VlYWE2ZTc0ODk4NiIsInVzZXJfaWQiOjF9.EQl9ohgwaPzd8WRw1WrsWAPQq3XGBktEzDN9KqaPW5Q','2024-04-07 14:25:36.580672','2024-07-06 14:25:36',1,'a84cde496eaa4d79a877eeaa6e748986',43);
INSERT INTO "token_blacklist_outstandingtoken" VALUES('eyJhbGciOiJIUzI1NiIsInR5cCI6IkpXVCJ9.eyJ0b2tlbl90eXBlIjoicmVmcmVzaCIsImV4cCI6MTcyMDI3NTkzNiwiaWF0IjoxNzEyNDk5OTM2LCJqdGkiOiI1ZTM1MzhkYjU1ZGE0MTZkYTY0NWE2MWRjMmQ3ZTkwYyIsInVzZXJfaWQiOjF9.HOGTv9BbtItmcWdijFnwhWPGJPDQ6NP5NP9kOVFeXK0','2024-04-07 14:25:36.877561','2024-07-06 14:25:36',1,'5e3538db55da416da645a61dc2d7e90c',44);
INSERT INTO "token_blacklist_outstandingtoken" VALUES('eyJhbGciOiJIUzI1NiIsInR5cCI6IkpXVCJ9.eyJ0b2tlbl90eXBlIjoicmVmcmVzaCIsImV4cCI6MTcyMDI3NTkzNiwiaWF0IjoxNzEyNDk5OTM2LCJqdGkiOiJmM2I3NzQ3MzEzZDg0ZDhmYTkwYTgzOGY4Mzc1MjdhYSIsInVzZXJfaWQiOjF9.UXbYHweMpleHN7LkZ5p6vCU-H9YgRpd3S8qpNIWKAUg','2024-04-07 14:25:36.965164','2024-07-06 14:25:36',1,'f3b7747313d84d8fa90a838f837527aa',45);
INSERT INTO "token_blacklist_outstandingtoken" VALUES('eyJhbGciOiJIUzI1NiIsInR5cCI6IkpXVCJ9.eyJ0b2tlbl90eXBlIjoicmVmcmVzaCIsImV4cCI6MTcyMDI3NTkzNywiaWF0IjoxNzEyNDk5OTM3LCJqdGkiOiJiMzczOWJlZTNmMmM0ZmM1YWQ5ZDdhYzJmNzZiODhjNiIsInVzZXJfaWQiOjF9.N21C0nVH5Tiq1tCeiA3pmbL0DBC34pmkCR-5q1MkffA','2024-04-07 14:25:37.042766','2024-07-06 14:25:37',1,'b3739bee3f2c4fc5ad9d7ac2f76b88c6',46);
INSERT INTO "token_blacklist_outstandingtoken" VALUES('eyJhbGciOiJIUzI1NiIsInR5cCI6IkpXVCJ9.eyJ0b2tlbl90eXBlIjoicmVmcmVzaCIsImV4cCI6MTcyMDI3NTkzNiwiaWF0IjoxNzEyNDk5OTM2LCJqdGkiOiI2MTZlZTM2ODY1YTg0YzUyODM0ODk1YWQyMzgyNDQ4YSIsInVzZXJfaWQiOjF9.GhkDdNzpm9pWFoJ-MSPp-N3rOoLAWmXuCJt1s-Q3dBY','2024-04-07 14:25:36.799429','2024-07-06 14:25:36',1,'616ee36865a84c52834895ad2382448a',47);
INSERT INTO "token_blacklist_outstandingtoken" VALUES('eyJhbGciOiJIUzI1NiIsInR5cCI6IkpXVCJ9.eyJ0b2tlbl90eXBlIjoicmVmcmVzaCIsImV4cCI6MTcyMDI3NjA4NywiaWF0IjoxNzEyNTAwMDg3LCJqdGkiOiI1OTI3YmY2MGU0OTc0YmUwYmJmMTIyYTgzMzI1Y2NiMiIsInVzZXJfaWQiOjF9.TZ1ZjnK_taV_IEt5MzP71c8dVKYUCNVTScxrEE7ere8','2024-04-07 14:28:07.397614','2024-07-06 14:28:07',1,'5927bf60e4974be0bbf122a83325ccb2',48);
INSERT INTO "token_blacklist_outstandingtoken" VALUES('eyJhbGciOiJIUzI1NiIsInR5cCI6IkpXVCJ9.eyJ0b2tlbl90eXBlIjoicmVmcmVzaCIsImV4cCI6MTcyMDI3NzM3OSwiaWF0IjoxNzEyNTAxMzc5LCJqdGkiOiJlNTlmMjY5ODdhYWE0OTBkODc0NzkwOGFhODg2N2M2MSIsInVzZXJfaWQiOjF9._mJC2hlhrOMVCluK6ClngIdEuDjL8eCOXiulMqv1uFk','2024-04-07 14:49:39.303507','2024-07-06 14:49:39',1,'e59f26987aaa490d8747908aa8867c61',49);
INSERT INTO "token_blacklist_outstandingtoken" VALUES('eyJhbGciOiJIUzI1NiIsInR5cCI6IkpXVCJ9.eyJ0b2tlbl90eXBlIjoicmVmcmVzaCIsImV4cCI6MTcyMTEwNzE2OSwiaWF0IjoxNzEzMzMxMTY5LCJqdGkiOiIyYmVjZmVkNzdjNzU0MTQ1ODNjNmRlNjVkZjEyYjliOCIsInVzZXJfaWQiOjF9.OgYJRlCpQ7dN6M9nZNKXS74K5uPp34WjHFPdDMWkA_M','2024-04-17 05:19:29.669618','2024-07-16 05:19:29',1,'2becfed77c75414583c6de65df12b9b8',50);
INSERT INTO "token_blacklist_outstandingtoken" VALUES('eyJhbGciOiJIUzI1NiIsInR5cCI6IkpXVCJ9.eyJ0b2tlbl90eXBlIjoicmVmcmVzaCIsImV4cCI6MTcyMTEwNzE3MiwiaWF0IjoxNzEzMzMxMTcyLCJqdGkiOiI1MzVlODA2ZDcwYWI0NTYxYjA4ZmFkZDE0M2EyMmZiZiIsInVzZXJfaWQiOjF9.tahGkFz1IGSmapvlEMuY-q12TlKulCtDJ7wywDCf9Y8','2024-04-17 05:19:32.103763','2024-07-16 05:19:32',1,'535e806d70ab4561b08fadd143a22fbf',51);
INSERT INTO "token_blacklist_outstandingtoken" VALUES('eyJhbGciOiJIUzI1NiIsInR5cCI6IkpXVCJ9.eyJ0b2tlbl90eXBlIjoicmVmcmVzaCIsImV4cCI6MTcyMTEwNzE3MiwiaWF0IjoxNzEzMzMxMTcyLCJqdGkiOiI0NDU2ODIyMWVjMmQ0ODBjYjkzYWZkYTg2M2M1MzA4MiIsInVzZXJfaWQiOjF9.8TRwC8uEyLorN9n7wZAbJL0-bkU1zYN8Ap4SzaNlDqU','2024-04-17 05:19:32.119390','2024-07-16 05:19:32',1,'44568221ec2d480cb93afda863c53082',52);
INSERT INTO "token_blacklist_outstandingtoken" VALUES('eyJhbGciOiJIUzI1NiIsInR5cCI6IkpXVCJ9.eyJ0b2tlbl90eXBlIjoicmVmcmVzaCIsImV4cCI6MTcyMTEzMzMwMSwiaWF0IjoxNzEzMzU3MzAxLCJqdGkiOiJjNzAwMThjYWQ0NGE0MDU0ODk2ZTI1OWJlOTRlOWYzNyIsInVzZXJfaWQiOjF9.WPuko5nCBLu6V3u889V5UeeVNOVnrgwSW15Pto-jcEg','2024-04-17 12:35:01.667051','2024-07-16 12:35:01',1,'c70018cad44a4054896e259be94e9f37',53);
INSERT INTO "token_blacklist_outstandingtoken" VALUES('eyJhbGciOiJIUzI1NiIsInR5cCI6IkpXVCJ9.eyJ0b2tlbl90eXBlIjoicmVmcmVzaCIsImV4cCI6MTcyMTEzMzMwNCwiaWF0IjoxNzEzMzU3MzA0LCJqdGkiOiI5MzJmYWU4NDRkYWQ0MWQzYjliZGQ3MGNjMjA4YzBlYyIsInVzZXJfaWQiOjF9.CZLOtv6Pyqo_su16VXAD4tDw7KRHIE-KATQdRFaWEQw','2024-04-17 12:35:04.508676','2024-07-16 12:35:04',1,'932fae844dad41d3b9bdd70cc208c0ec',54);
INSERT INTO "token_blacklist_outstandingtoken" VALUES('eyJhbGciOiJIUzI1NiIsInR5cCI6IkpXVCJ9.eyJ0b2tlbl90eXBlIjoicmVmcmVzaCIsImV4cCI6MTcyMTEzMzMwNCwiaWF0IjoxNzEzMzU3MzA0LCJqdGkiOiJmNmM1ZTQwYzQxZDk0NzNkYTE4NmQ0NDhhYTAwMzEyOSIsInVzZXJfaWQiOjF9.9QFVi6Z9nF5Rz0uFmivqfPoOn0WJkA4Tce4Q8go2Hb0','2024-04-17 12:35:04.541401','2024-07-16 12:35:04',1,'f6c5e40c41d9473da186d448aa003129',55);
INSERT INTO "token_blacklist_outstandingtoken" VALUES('eyJhbGciOiJIUzI1NiIsInR5cCI6IkpXVCJ9.eyJ0b2tlbl90eXBlIjoicmVmcmVzaCIsImV4cCI6MTcyMTEzNDEzMywiaWF0IjoxNzEzMzU4MTMzLCJqdGkiOiJmZGFiMGMyNDhmNDI0MmVlYTA0YjU2NTY1ZWUwMWQ4OCIsInVzZXJfaWQiOjF9.k-ipH0-5bgwjX7hqkSaKbF-p2FlAhX9KvuKnVYXZjU8','2024-04-17 12:48:53.320359','2024-07-16 12:48:53',1,'fdab0c248f4242eea04b56565ee01d88',56);
INSERT INTO "token_blacklist_outstandingtoken" VALUES('eyJhbGciOiJIUzI1NiIsInR5cCI6IkpXVCJ9.eyJ0b2tlbl90eXBlIjoicmVmcmVzaCIsImV4cCI6MTcyMTEzNDkxNSwiaWF0IjoxNzEzMzU4OTE1LCJqdGkiOiI1NGJhYzYwMzBjNzk0OTMwYTBmMGU4YTE5Y2UyNDEzZSIsInVzZXJfaWQiOjF9.XcyRY6oyDaC6rOawrl_wEOOpPi_gBWQu8KMctwNU63A','2024-04-17 13:01:55.436234','2024-07-16 13:01:55',1,'54bac6030c794930a0f0e8a19ce2413e',57);
INSERT INTO "token_blacklist_outstandingtoken" VALUES('eyJhbGciOiJIUzI1NiIsInR5cCI6IkpXVCJ9.eyJ0b2tlbl90eXBlIjoicmVmcmVzaCIsImV4cCI6MTcyMTEzNDkxNSwiaWF0IjoxNzEzMzU4OTE1LCJqdGkiOiI1MzYyMDJhNTQ0N2M0ODY2YTExNWYyZjg4ZmI4NDc1ZCIsInVzZXJfaWQiOjF9.-P47vko-_5azJYHi72sssSktSK7Lc2rZkVQV_ktty7A','2024-04-17 13:01:55.928327','2024-07-16 13:01:55',1,'536202a5447c4866a115f2f88fb8475d',58);
INSERT INTO "token_blacklist_outstandingtoken" VALUES('eyJhbGciOiJIUzI1NiIsInR5cCI6IkpXVCJ9.eyJ0b2tlbl90eXBlIjoicmVmcmVzaCIsImV4cCI6MTcyMTEzNzc3NCwiaWF0IjoxNzEzMzYxNzc0LCJqdGkiOiJkMTE2OTE3Y2NhY2M0Njc2YTE5YWU3YTk5YjI0OGY0ZiIsInVzZXJfaWQiOjF9.01If2tL0TjGw8YbitLKgYeEajvKg-MRbwQHodMe4SxU','2024-04-17 13:49:34.616855','2024-07-16 13:49:34',1,'d116917ccacc4676a19ae7a99b248f4f',59);
INSERT INTO "token_blacklist_outstandingtoken" VALUES('eyJhbGciOiJIUzI1NiIsInR5cCI6IkpXVCJ9.eyJ0b2tlbl90eXBlIjoicmVmcmVzaCIsImV4cCI6MTcyMTE0MTIxMCwiaWF0IjoxNzEzMzY1MjEwLCJqdGkiOiJlMzFhN2QxZTc1MjI0ZjE0OTlmODZiMjViYWE3ZjZiNCIsInVzZXJfaWQiOjF9.iT1WaEa6pYf7G6FvywFrot-RjD2Oh-T2GK4Gl-7xtYY','2024-04-17 14:46:50.017884','2024-07-16 14:46:50',1,'e31a7d1e75224f1499f86b25baa7f6b4',60);
INSERT INTO "token_blacklist_outstandingtoken" VALUES('eyJhbGciOiJIUzI1NiIsInR5cCI6IkpXVCJ9.eyJ0b2tlbl90eXBlIjoicmVmcmVzaCIsImV4cCI6MTcyMTE0MTM2MCwiaWF0IjoxNzEzMzY1MzYwLCJqdGkiOiI2ZTdiODRjZmUzMTI0NTg4OGFlMDE2MGNjOWViODAxZSIsInVzZXJfaWQiOjF9.kfUcs5ohOyj9k6JeHbr0YYioCKRFzuuLJoliJuJ_1Vs','2024-04-17 14:49:20.394468','2024-07-16 14:49:20',1,'6e7b84cfe31245888ae0160cc9eb801e',61);
INSERT INTO "token_blacklist_outstandingtoken" VALUES('eyJhbGciOiJIUzI1NiIsInR5cCI6IkpXVCJ9.eyJ0b2tlbl90eXBlIjoicmVmcmVzaCIsImV4cCI6MTcyMTE0MTg2MywiaWF0IjoxNzEzMzY1ODYzLCJqdGkiOiI3MGYzYjQxYjIzMTA0YTU4OWM5YjhjZTk5MGFlMGY5NiIsInVzZXJfaWQiOjF9.cTtgVImdyBH79QC5sjGB-njgsFFUlv9vKYRp_xKzSzI','2024-04-17 14:57:43.883787','2024-07-16 14:57:43',1,'70f3b41b23104a589c9b8ce990ae0f96',62);
INSERT INTO "token_blacklist_outstandingtoken" VALUES('eyJhbGciOiJIUzI1NiIsInR5cCI6IkpXVCJ9.eyJ0b2tlbl90eXBlIjoicmVmcmVzaCIsImV4cCI6MTcyMTE0Mjk3MCwiaWF0IjoxNzEzMzY2OTcwLCJqdGkiOiI0YzY4NWEzNjI1ZDg0YmEyYWIzMTAxMGFlOGQ5YjVkMCIsInVzZXJfaWQiOjF9.DKdFXPOprs32GD5QWO0FAK-F5bTmqWGACIYWTxQd6xk','2024-04-17 15:16:10.548388','2024-07-16 15:16:10',1,'4c685a3625d84ba2ab31010ae8d9b5d0',63);
INSERT INTO "token_blacklist_outstandingtoken" VALUES('eyJhbGciOiJIUzI1NiIsInR5cCI6IkpXVCJ9.eyJ0b2tlbl90eXBlIjoicmVmcmVzaCIsImV4cCI6MTcyMTE0MzEzNywiaWF0IjoxNzEzMzY3MTM3LCJqdGkiOiI3NGEzOTFhZDljMjA0ZGVjYjQwN2ZjOGM3MGE5YTI4YSIsInVzZXJfaWQiOjF9.PCv4N39Lfgy9f9Kfrzd1_LcymHtcB7zTYGNUiFrmpC8','2024-04-17 15:18:57.575963','2024-07-16 15:18:57',1,'74a391ad9c204decb407fc8c70a9a28a',64);
INSERT INTO "token_blacklist_outstandingtoken" VALUES('eyJhbGciOiJIUzI1NiIsInR5cCI6IkpXVCJ9.eyJ0b2tlbl90eXBlIjoicmVmcmVzaCIsImV4cCI6MTcyMTE0MzMyMywiaWF0IjoxNzEzMzY3MzIzLCJqdGkiOiJkYWE1NzI4ODgyZWY0NWZiYWU0YzUyZmUyMWI4ODY4NCIsInVzZXJfaWQiOjF9.FShsU7RLxbPJsLUVexKh22fPFMqWVZWvQR16pgIGz48','2024-04-17 15:22:03.251222','2024-07-16 15:22:03',1,'daa5728882ef45fbae4c52fe21b88684',65);
INSERT INTO "token_blacklist_outstandingtoken" VALUES('eyJhbGciOiJIUzI1NiIsInR5cCI6IkpXVCJ9.eyJ0b2tlbl90eXBlIjoicmVmcmVzaCIsImV4cCI6MTcyMTE0Mzk4NCwiaWF0IjoxNzEzMzY3OTg0LCJqdGkiOiI4MWQyNGRiMDVjZjM0YTdiOTc0NmRjOTFiMTk3NWFjYyIsInVzZXJfaWQiOjF9.G0uvZfLdtxXYEf985j7dqAkGubwPk8eT1f-iovXIbtY','2024-04-17 15:33:04.337447','2024-07-16 15:33:04',1,'81d24db05cf34a7b9746dc91b1975acc',66);
INSERT INTO "token_blacklist_outstandingtoken" VALUES('eyJhbGciOiJIUzI1NiIsInR5cCI6IkpXVCJ9.eyJ0b2tlbl90eXBlIjoicmVmcmVzaCIsImV4cCI6MTcyMTIwNjg4MywiaWF0IjoxNzEzNDMwODgzLCJqdGkiOiJkMDNjMGRiMWJkNjk0YWJlOTcxZDQ3Zjk4YWIxOTg1MiIsInVzZXJfaWQiOjF9.0hiA00tuMrxGGGwKVbOlgx67dCX-6D41eFGk-UGtqdY','2024-04-18 09:01:23.483764','2024-07-17 09:01:23',1,'d03c0db1bd694abe971d47f98ab19852',67);
INSERT INTO "token_blacklist_outstandingtoken" VALUES('eyJhbGciOiJIUzI1NiIsInR5cCI6IkpXVCJ9.eyJ0b2tlbl90eXBlIjoicmVmcmVzaCIsImV4cCI6MTcyMTIwNjkyNCwiaWF0IjoxNzEzNDMwOTI0LCJqdGkiOiJkOGFmNTQ4NzMyNjY0NGQ0YTA4YTIzNTQ3OTRiMjQyZCIsInVzZXJfaWQiOjF9.RUaa5WmYmIlVbd7IlFYvwKhs7gOt9X84b2USp7KsEwk','2024-04-18 09:02:04.817729','2024-07-17 09:02:04',1,'d8af5487326644d4a08a2354794b242d',68);
INSERT INTO "token_blacklist_outstandingtoken" VALUES('eyJhbGciOiJIUzI1NiIsInR5cCI6IkpXVCJ9.eyJ0b2tlbl90eXBlIjoicmVmcmVzaCIsImV4cCI6MTcyMTIwNjk1MCwiaWF0IjoxNzEzNDMwOTUwLCJqdGkiOiJlN2E3ZTk0MDRhNTY0MTNjYjM0NDRlMzc1MzZhYWIzNSIsInVzZXJfaWQiOjF9.OSEyefSS1GYuqzRHEvGa7KCJeuaAKpqeb68FiGSq03c','2024-04-18 09:02:30.662850','2024-07-17 09:02:30',1,'e7a7e9404a56413cb3444e37536aab35',69);
INSERT INTO "token_blacklist_outstandingtoken" VALUES('eyJhbGciOiJIUzI1NiIsInR5cCI6IkpXVCJ9.eyJ0b2tlbl90eXBlIjoicmVmcmVzaCIsImV4cCI6MTcyMTI5OTAwMCwiaWF0IjoxNzEzNTIzMDAwLCJqdGkiOiI5NTI4MWY2ODY1MzQ0MGNiYjdhZDliNDYyMGVhZjc3OSIsInVzZXJfaWQiOjF9.Sq140BuD_O4cMVvrLlWBnQoDjCok0a8Ncz2tAZ9uZDg','2024-04-19 10:36:40.204084','2024-07-18 10:36:40',1,'95281f68653440cbb7ad9b4620eaf779',70);
INSERT INTO "token_blacklist_outstandingtoken" VALUES('eyJhbGciOiJIUzI1NiIsInR5cCI6IkpXVCJ9.eyJ0b2tlbl90eXBlIjoicmVmcmVzaCIsImV4cCI6MTcyMTI5OTI0NCwiaWF0IjoxNzEzNTIzMjQ0LCJqdGkiOiJlY2Q2ODAyMTMxODk0MWI0YTU3YTYyODk1Nzc1Yjc3OCIsInVzZXJfaWQiOjF9.JclwZa6HEm8ywxYEJescXGnQodiY_ii7b0w-_zCWQzU','2024-04-19 10:40:44.159428','2024-07-18 10:40:44',1,'ecd68021318941b4a57a62895775b778',71);
INSERT INTO "token_blacklist_outstandingtoken" VALUES('eyJhbGciOiJIUzI1NiIsInR5cCI6IkpXVCJ9.eyJ0b2tlbl90eXBlIjoicmVmcmVzaCIsImV4cCI6MTcyMTM3ODM5MiwiaWF0IjoxNzEzNjAyMzkyLCJqdGkiOiI0OWZlMTUxNmQ4YmE0OWM4ODA1NTM3OTA0MWE3ZDlmYSIsInVzZXJfaWQiOjF9.yddAIp9gpNnvIFk24bXgf4ZMzq4QxLHJfzuj_Jb8PUU','2024-04-20 08:39:52.121067','2024-07-19 08:39:52',1,'49fe1516d8ba49c88055379041a7d9fa',72);
INSERT INTO "token_blacklist_outstandingtoken" VALUES('eyJhbGciOiJIUzI1NiIsInR5cCI6IkpXVCJ9.eyJ0b2tlbl90eXBlIjoicmVmcmVzaCIsImV4cCI6MTcyMTM4MjMyNSwiaWF0IjoxNzEzNjA2MzI1LCJqdGkiOiI1YjdlMjQ4M2I3NmY0NmUwYWVkYjU4YWNiZGY2ZGE0NiIsInVzZXJfaWQiOjN9.4mtfpD-Y4KZl5LhFk8WOf5kx_17ph0xKJULQS9cGLPM','2024-04-20 09:45:25.096823','2024-07-19 09:45:25',NULL,'5b7e2483b76f46e0aedb58acbdf6da46',73);
INSERT INTO "token_blacklist_outstandingtoken" VALUES('eyJhbGciOiJIUzI1NiIsInR5cCI6IkpXVCJ9.eyJ0b2tlbl90eXBlIjoicmVmcmVzaCIsImV4cCI6MTcyMTM4MzAwOSwiaWF0IjoxNzEzNjA3MDA5LCJqdGkiOiJiMDQ3MDU5NGU0MTk0YWEyOTkwMjBiZjBkZDcwZDNjYiIsInVzZXJfaWQiOjd9.kMWBHTOPty9w_nw4c6x0N8UD-8tk2DoMuW6vqnqs-lY','2024-04-20 09:56:49.281547','2024-07-19 09:56:49',NULL,'b0470594e4194aa299020bf0dd70d3cb',74);
INSERT INTO "token_blacklist_outstandingtoken" VALUES('eyJhbGciOiJIUzI1NiIsInR5cCI6IkpXVCJ9.eyJ0b2tlbl90eXBlIjoicmVmcmVzaCIsImV4cCI6MTcyMTM4MzQyNSwiaWF0IjoxNzEzNjA3NDI1LCJqdGkiOiJkMGZlYTZiNDIxMDE0ODYzOGI2OTI0NTI3MmEwNGYzNyIsInVzZXJfaWQiOjF9.neJJfwwZJwAvm1otDM5iTZ1CuUeLao188-Km1RSr-AY','2024-04-20 10:03:45.649883','2024-07-19 10:03:45',1,'d0fea6b4210148638b69245272a04f37',75);
INSERT INTO "token_blacklist_outstandingtoken" VALUES('eyJhbGciOiJIUzI1NiIsInR5cCI6IkpXVCJ9.eyJ0b2tlbl90eXBlIjoicmVmcmVzaCIsImV4cCI6MTcyMTQwMTc0OSwiaWF0IjoxNzEzNjI1NzQ5LCJqdGkiOiJkMDU4OWJlMzdiMDI0MGQ2YjI1NjRmMTU1NzQ4ZDQxOCIsInVzZXJfaWQiOjE0fQ.v-WQ_pKaUGba8j1I4Rol-MLklIBExxeK8e0KIRzWEu8','2024-04-20 15:09:09.801980','2024-07-19 15:09:09',NULL,'d0589be37b0240d6b2564f155748d418',76);
INSERT INTO "token_blacklist_outstandingtoken" VALUES('eyJhbGciOiJIUzI1NiIsInR5cCI6IkpXVCJ9.eyJ0b2tlbl90eXBlIjoicmVmcmVzaCIsImV4cCI6MTcyMTQwMTc4NCwiaWF0IjoxNzEzNjI1Nzg0LCJqdGkiOiIxN2U0N2Q1ZGUyMDY0OTQ5OTEwMTAwZGNhYjJmODY3NCIsInVzZXJfaWQiOjE1fQ.Lf4R9yCmRqFw-QaHIf_Kx6TLZ7IGiGWTPcMmpiByOqs','2024-04-20 15:09:44.057939','2024-07-19 15:09:44',NULL,'17e47d5de2064949910100dcab2f8674',77);
INSERT INTO "token_blacklist_outstandingtoken" VALUES('eyJhbGciOiJIUzI1NiIsInR5cCI6IkpXVCJ9.eyJ0b2tlbl90eXBlIjoicmVmcmVzaCIsImV4cCI6MTcyMTQwMTg0NiwiaWF0IjoxNzEzNjI1ODQ2LCJqdGkiOiI2YmNlNWFkOGRlNDA0ZGY5YWM1M2Q1MzY5NTEzOGE1MyIsInVzZXJfaWQiOjE2fQ.nB9S4o-QylP0rhcX2I6jxUU4e088pcYyt0JtoTagxdY','2024-04-20 15:10:46.812485','2024-07-19 15:10:46',NULL,'6bce5ad8de404df9ac53d53695138a53',78);
INSERT INTO "token_blacklist_outstandingtoken" VALUES('eyJhbGciOiJIUzI1NiIsInR5cCI6IkpXVCJ9.eyJ0b2tlbl90eXBlIjoicmVmcmVzaCIsImV4cCI6MTcyMTQwMTk5MywiaWF0IjoxNzEzNjI1OTkzLCJqdGkiOiJhZWM0ZmM3NDQxNjM0MmQzOWViNWNlM2I1NWYyY2ZlOSIsInVzZXJfaWQiOjE2fQ.7RxvLYgmfzKmu6H9KUxup-glnEbXQqk47jdX7OWmWTA','2024-04-20 15:13:13.203443','2024-07-19 15:13:13',NULL,'aec4fc74416342d39eb5ce3b55f2cfe9',79);
INSERT INTO "token_blacklist_outstandingtoken" VALUES('eyJhbGciOiJIUzI1NiIsInR5cCI6IkpXVCJ9.eyJ0b2tlbl90eXBlIjoicmVmcmVzaCIsImV4cCI6MTcyMTQ3MDgyNywiaWF0IjoxNzEzNjk0ODI3LCJqdGkiOiI3M2IzYjgwNDljN2Y0YzM4ODNmNDM0OTlmMDNhZDRjZCIsInVzZXJfaWQiOjE4fQ.trTgv8xvF3H-vGDNshVxjncDBuXIlN1Wwne-SomqNlI','2024-04-21 10:20:27.985483','2024-07-20 10:20:27',NULL,'73b3b8049c7f4c3883f43499f03ad4cd',80);
INSERT INTO "token_blacklist_outstandingtoken" VALUES('eyJhbGciOiJIUzI1NiIsInR5cCI6IkpXVCJ9.eyJ0b2tlbl90eXBlIjoicmVmcmVzaCIsImV4cCI6MTcyMTQ3MDg5NSwiaWF0IjoxNzEzNjk0ODk1LCJqdGkiOiJiOTljMWI1YTE2MGY0MzQ0YTNhYTlmNTE3MmM2ZGViMCIsInVzZXJfaWQiOjE5fQ.5QpmJ6Jr6V85jO4W_yHqAqXA7vmi7cNpdw4a16tLNiA','2024-04-21 10:21:35.613519','2024-07-20 10:21:35',NULL,'b99c1b5a160f4344a3aa9f5172c6deb0',81);
INSERT INTO "token_blacklist_outstandingtoken" VALUES('eyJhbGciOiJIUzI1NiIsInR5cCI6IkpXVCJ9.eyJ0b2tlbl90eXBlIjoicmVmcmVzaCIsImV4cCI6MTcyMjA4ODgzNiwiaWF0IjoxNzE0MzEyODM2LCJqdGkiOiIzNTIxMDYxNTdjNGI0YTAxOGVkMzYzZGJkNzMxMzM2MCIsInVzZXJfaWQiOjF9.4C4aot3_TI6Ly1nKSLuTINgirw2oWotjH6vM4AAD7wg','2024-04-28 14:00:36.690585','2024-07-27 14:00:36',1,'352106157c4b4a018ed363dbd7313360',82);
INSERT INTO "token_blacklist_outstandingtoken" VALUES('eyJhbGciOiJIUzI1NiIsInR5cCI6IkpXVCJ9.eyJ0b2tlbl90eXBlIjoicmVmcmVzaCIsImV4cCI6MTcyMjA5NzQzMSwiaWF0IjoxNzE0MzIxNDMxLCJqdGkiOiJhYzhiZjU1ZjczYWQ0OGE1YWEyOGMwM2U2MTBmZjNiYiIsInVzZXJfaWQiOjF9.WX95MqWgzzGIFIlqyo9fznNZ_YGg5DSPTOGoxaDKttE','2024-04-28 16:23:51.931641','2024-07-27 16:23:51',1,'ac8bf55f73ad48a5aa28c03e610ff3bb',83);
INSERT INTO "token_blacklist_outstandingtoken" VALUES('eyJhbGciOiJIUzI1NiIsInR5cCI6IkpXVCJ9.eyJ0b2tlbl90eXBlIjoicmVmcmVzaCIsImV4cCI6MTcyMjI3NjMxNSwiaWF0IjoxNzE0NTAwMzE1LCJqdGkiOiJkNTRlNzNhNGM5MzM0ZjBmYTZmZTc3ZDZmZDU3YWMyMCIsInVzZXJfaWQiOjF9.60SnDdRj6Tx_GPxpGl6f3rF7035KlDFB2yiK7ytHf-M','2024-04-30 18:05:15.794615','2024-07-29 18:05:15',1,'d54e73a4c9334f0fa6fe77d6fd57ac20',84);
CREATE UNIQUE INDEX "auth_group_permissions_group_id_permission_id_0cd325b0_uniq" ON "auth_group_permissions" ("group_id", "permission_id");
CREATE INDEX IF NOT EXISTS "auth_group_permissions_group_id_b120cbf9" ON "auth_group_permissions" ("group_id");
CREATE INDEX IF NOT EXISTS "auth_group_permissions_permission_id_84c5c92e" ON "auth_group_permissions" ("permission_id");
CREATE UNIQUE INDEX "auth_user_groups_user_id_group_id_94350c0c_uniq" ON "auth_user_groups" ("user_id", "group_id");
CREATE INDEX IF NOT EXISTS "auth_user_groups_user_id_6a12ed8b" ON "auth_user_groups" ("user_id");
CREATE INDEX IF NOT EXISTS "auth_user_groups_group_id_97559544" ON "auth_user_groups" ("group_id");
CREATE UNIQUE INDEX "auth_user_user_permissions_user_id_permission_id_14a6b632_uniq" ON "auth_user_user_permissions" ("user_id", "permission_id");
CREATE INDEX IF NOT EXISTS "auth_user_user_permissions_user_id_a95ead1b" ON "auth_user_user_permissions" ("user_id");
CREATE INDEX IF NOT EXISTS "auth_user_user_permissions_permission_id_1fbb5f2c" ON "auth_user_user_permissions" ("permission_id");
CREATE INDEX IF NOT EXISTS "django_admin_log_content_type_id_c4bce8eb" ON "django_admin_log" ("content_type_id");
CREATE INDEX IF NOT EXISTS "django_admin_log_user_id_c564eba6" ON "django_admin_log" ("user_id");
CREATE UNIQUE INDEX "django_content_type_app_label_model_76bd3d3b_uniq" ON "django_content_type" ("app_label", "model");
CREATE UNIQUE INDEX "auth_permission_content_type_id_codename_01ab375a_uniq" ON "auth_permission" ("content_type_id", "codename");
CREATE INDEX IF NOT EXISTS "auth_permission_content_type_id_2f476e4b" ON "auth_permission" ("content_type_id");
CREATE INDEX IF NOT EXISTS "django_session_expire_date_a5c62663" ON "django_session" ("expire_date");
CREATE INDEX IF NOT EXISTS "api_testimonials_user_id_298dbb28" ON "api_testimonials" ("user_id");
CREATE INDEX IF NOT EXISTS "token_blacklist_outstandingtoken_user_id_83bc629a" ON "token_blacklist_outstandingtoken" ("user_id");
